regime,n,nb,ratio,skew,pc,kp,kvs,kv_big,kv_mean,t_mean_us,t_max_us,t_skew_us,alpha
pure,2,1,0.5,4.0,0,0,128,512,320,51.069,74.173,74.045,0.9945
pure,2,1,0.5,4.0,0,0,512,2048,1280,147.577,220.409,219.768,0.9912
mixed,2,1,0.5,4.0,16,0,128,512,320,52.732,75.133,74.91,0.99
mixed,2,1,0.5,4.0,16,0,512,2048,1280,147.642,220.152,219.287,0.9881
mixed,2,1,0.5,4.0,16,512,128,512,320,76.158,77.822,76.54,0.2296
mixed,2,1,0.5,4.0,16,512,512,2048,1280,148.186,220.089,219.704,0.9946
mixed,2,1,0.5,4.0,16,2048,128,512,320,221.942,222.968,222.069,0.1238
mixed,2,1,0.5,4.0,16,2048,512,2048,1280,223.032,222.745,222.007,
mixed,2,1,0.5,4.0,64,0,128,512,320,52.862,75.101,74.781,0.9856
mixed,2,1,0.5,4.0,64,0,512,2048,1280,147.354,219.863,219.352,0.993
mixed,2,1,0.5,4.0,64,512,128,512,320,77.277,78.269,77.948,0.6764
mixed,2,1,0.5,4.0,64,512,512,2048,1280,147.45,220.92,218.776,0.9708
mixed,2,1,0.5,4.0,64,2048,128,512,320,222.775,224.408,223.608,0.5101
mixed,2,1,0.5,4.0,64,2048,512,2048,1280,224.439,223.958,223.959,
mixed,2,1,0.5,4.0,256,0,128,512,320,59.518,82.333,82.269,0.9972
mixed,2,1,0.5,4.0,256,0,512,2048,1280,153.625,225.591,224.247,0.9813
mixed,2,1,0.5,4.0,256,512,128,512,320,96.348,95.997,95.837,
mixed,2,1,0.5,4.0,256,512,512,2048,1280,154.139,225.784,225.751,0.9995
mixed,2,1,0.5,4.0,256,2048,128,512,320,239.607,238.326,238.52,
mixed,2,1,0.5,4.0,256,2048,512,2048,1280,240.151,239.128,238.839,
mixed,2,1,0.5,4.0,1024,0,128,512,320,236.856,241.943,237.911,0.2074
mixed,2,1,0.5,4.0,1024,0,512,2048,1280,290.133,361.106,350.866,0.8557
mixed,2,1,0.5,4.0,1024,512,128,512,320,350.162,359.06,347.858,-0.2589
mixed,2,1,0.5,4.0,1024,512,512,2048,1280,375.858,457.134,433.423,0.7083
mixed,2,1,0.5,4.0,1024,2048,128,512,320,653.03,684.455,662.949,0.3156
mixed,2,1,0.5,4.0,1024,2048,512,2048,1280,750.084,781.954,763.907,0.4337
pure,8,1,0.125,4.0,0,0,128,512,176,43.164,80.094,75.965,0.8882
pure,8,1,0.125,4.0,0,0,512,2048,704,94.684,233.111,225.08,0.942
mixed,8,1,0.125,4.0,16,0,128,512,176,65.246,110.716,96.764,0.6932
mixed,8,1,0.125,4.0,16,0,512,2048,704,121.916,255.382,240.407,0.8878
mixed,8,1,0.125,4.0,16,512,128,512,176,78.428,145.691,106.268,0.4139
mixed,8,1,0.125,4.0,16,512,512,2048,704,163.994,313.428,283.893,0.8024
mixed,8,1,0.125,4.0,16,2048,128,512,176,223.416,228.758,223.479,0.0118
mixed,8,1,0.125,4.0,16,2048,512,2048,704,226.262,444.878,285.589,0.2714
mixed,8,1,0.125,4.0,64,0,128,512,176,67.677,114.779,100.028,0.6868
mixed,8,1,0.125,4.0,64,0,512,2048,704,130.268,263.125,253.43,0.927
mixed,8,1,0.125,4.0,64,512,128,512,176,79.581,146.523,105.947,0.3939
mixed,8,1,0.125,4.0,64,512,512,2048,704,166.042,315.123,288.15,0.8191
mixed,8,1,0.125,4.0,64,2048,128,512,176,225.624,236.598,228.343,0.2478
mixed,8,1,0.125,4.0,64,2048,512,2048,704,231.701,446.126,287.796,0.2616
mixed,8,1,0.125,4.0,256,0,128,512,176,77.66,146.106,109.981,0.4722
mixed,8,1,0.125,4.0,256,0,512,2048,704,165.049,301.94,271.86,0.7803
mixed,8,1,0.125,4.0,256,512,128,512,176,128.857,162.618,127.963,-0.0265
mixed,8,1,0.125,4.0,256,512,512,2048,704,173.946,396.048,291.733,0.5303
mixed,8,1,0.125,4.0,256,2048,128,512,176,271.671,305.364,270.101,-0.0466
mixed,8,1,0.125,4.0,256,2048,512,2048,704,319.668,452.622,306.163,-0.1016
mixed,8,1,0.125,4.0,1024,0,128,512,176,265.333,292.436,267.318,0.0732
mixed,8,1,0.125,4.0,1024,0,512,2048,704,304.565,506.604,407.471,0.5093
mixed,8,1,0.125,4.0,1024,512,128,512,176,379.825,410.702,382.32,0.0808
mixed,8,1,0.125,4.0,1024,512,512,2048,704,426.543,598.343,478.701,0.3036
mixed,8,1,0.125,4.0,1024,2048,128,512,176,689.924,767.938,692.036,0.0271
mixed,8,1,0.125,4.0,1024,2048,512,2048,704,784.8,845.79,800.13,0.2514
pure,8,2,0.25,4.0,0,0,128,512,224,45.214,79.965,76.126,0.8895
pure,8,2,0.25,4.0,0,0,512,2048,896,117.148,231.512,221.751,0.9146
mixed,8,2,0.25,4.0,16,0,128,512,224,67.516,107.996,97.275,0.7352
mixed,8,2,0.25,4.0,16,0,512,2048,896,140.635,256.245,244.662,0.8998
mixed,8,2,0.25,4.0,16,512,128,512,224,78.013,145.337,106.557,0.424
mixed,8,2,0.25,4.0,16,512,512,2048,896,198.36,313.713,285.299,0.7537
mixed,8,2,0.25,4.0,16,2048,128,512,224,224.791,227.447,223.671,-0.4217
mixed,8,2,0.25,4.0,16,2048,512,2048,896,230.358,442.861,290.323,0.2822
mixed,8,2,0.25,4.0,64,0,128,512,224,70.014,116.283,99.773,0.6432
mixed,8,2,0.25,4.0,64,0,512,2048,896,153.05,265.782,254.516,0.9001
mixed,8,2,0.25,4.0,64,512,128,512,224,81.053,147.258,107.644,0.4016
mixed,8,2,0.25,4.0,64,512,512,2048,896,196.216,314.068,289.332,0.7901
mixed,8,2,0.25,4.0,64,2048,128,512,224,226.455,235.861,227.19,0.0781
mixed,8,2,0.25,4.0,64,2048,512,2048,896,233.719,447.085,292.435,0.2752
mixed,8,2,0.25,4.0,256,0,128,512,224,78.589,145.882,110.076,0.4679
mixed,8,2,0.25,4.0,256,0,512,2048,896,184.826,295.38,274.356,0.8098
mixed,8,2,0.25,4.0,256,512,128,512,224,129.468,163.769,128.921,-0.0159
mixed,8,2,0.25,4.0,256,512,512,2048,896,218.169,391.44,292.758,0.4305
mixed,8,2,0.25,4.0,256,2048,128,512,224,271.285,306.26,272.117,0.0238
mixed,8,2,0.25,4.0,256,2048,512,2048,896,343.281,453.26,308.595,-0.3154
mixed,8,2,0.25,4.0,1024,0,128,512,224,266.006,292.564,270.902,0.1844
mixed,8,2,0.25,4.0,1024,0,512,2048,896,336.21,506.698,421.103,0.4979
mixed,8,2,0.25,4.0,1024,512,128,512,224,378.768,410.702,386.384,0.2385
mixed,8,2,0.25,4.0,1024,512,512,2048,896,440.302,596.648,502.987,0.4009
mixed,8,2,0.25,4.0,1024,2048,128,512,224,688.068,767.809,703.62,0.195
mixed,8,2,0.25,4.0,1024,2048,512,2048,896,803.038,846.684,818.237,0.3482
pure,8,3,0.375,4.0,0,0,128,512,272,54.845,79.196,76.51,0.8897
pure,8,3,0.375,4.0,0,0,512,2048,1088,133.756,231.19,224.087,0.9271
mixed,8,3,0.375,4.0,16,0,128,512,272,83.997,108.572,97.532,0.5508
mixed,8,3,0.375,4.0,16,0,512,2048,1088,163.769,256.597,240.758,0.8294
mixed,8,3,0.375,4.0,16,512,128,512,272,97.883,144.922,107.676,0.2082
mixed,8,3,0.375,4.0,16,512,512,2048,1088,206.807,315.507,289.3,0.7589
mixed,8,3,0.375,4.0,16,2048,128,512,272,224.213,227.895,224.726,0.1393
mixed,8,3,0.375,4.0,16,2048,512,2048,1088,247.446,443.181,291.346,0.2243
mixed,8,3,0.375,4.0,64,0,128,512,272,86.653,116.314,99.869,0.4456
mixed,8,3,0.375,4.0,64,0,512,2048,1088,165.434,267.988,254.037,0.864
mixed,8,3,0.375,4.0,64,512,128,512,272,98.908,146.97,107.868,0.1864
mixed,8,3,0.375,4.0,64,512,512,2048,1088,209.719,315.443,289.459,0.7542
mixed,8,3,0.375,4.0,64,2048,128,512,272,228.598,237.431,227.543,-0.1194
mixed,8,3,0.375,4.0,64,2048,512,2048,1088,249.495,447.438,293.78,0.2237
mixed,8,3,0.375,4.0,256,0,128,512,272,99.611,146.011,111.356,0.2531
mixed,8,3,0.375,4.0,256,0,512,2048,1088,200.441,295.636,278.228,0.8171
mixed,8,3,0.375,4.0,256,512,128,512,272,141.433,164.025,131.706,-0.4306
mixed,8,3,0.375,4.0,256,512,512,2048,1088,244.822,395.056,294.484,0.3306
mixed,8,3,0.375,4.0,256,2048,128,512,272,283.795,306.355,276.116,-0.3404
mixed,8,3,0.375,4.0,256,2048,512,2048,1088,357.201,451.406,310.738,-0.4932
mixed,8,3,0.375,4.0,1024,0,128,512,272,275.7,292.755,275.445,-0.015
mixed,8,3,0.375,4.0,1024,0,512,2048,1088,355.728,506.954,434.702,0.5222
mixed,8,3,0.375,4.0,1024,512,128,512,272,393.007,410.512,396.079,0.1755
mixed,8,3,0.375,4.0,1024,512,512,2048,1088,445.198,599.686,523.242,0.5052
mixed,8,3,0.375,4.0,1024,2048,128,512,272,715.169,769.536,719.682,0.083
mixed,8,3,0.375,4.0,1024,2048,512,2048,1088,819.039,844.701,820.542,0.0586
pure,8,4,0.5,4.0,0,0,128,512,320,57.598,80.189,76.541,0.8385
pure,8,4,0.5,4.0,0,0,512,2048,1280,154.938,231.477,224.246,0.9055
mixed,8,4,0.5,4.0,16,0,128,512,320,85.148,107.261,98.492,0.6034
mixed,8,4,0.5,4.0,16,0,512,2048,1280,180.44,255.349,246.293,0.8791
mixed,8,4,0.5,4.0,16,512,128,512,320,99.58,145.563,111.004,0.2484
mixed,8,4,0.5,4.0,16,512,512,2048,1280,235.222,310.867,292.212,0.7534
mixed,8,4,0.5,4.0,16,2048,128,512,320,223.542,228.311,224.374,0.1745
mixed,8,4,0.5,4.0,16,2048,512,2048,1280,293.652,442.796,293.171,-0.0032
mixed,8,4,0.5,4.0,64,0,128,512,320,89.502,118.427,101.916,0.4292
mixed,8,4,0.5,4.0,64,0,512,2048,1280,188.729,265.619,255.701,0.871
mixed,8,4,0.5,4.0,64,512,128,512,320,100.25,146.777,108.891,0.1857
mixed,8,4,0.5,4.0,64,512,512,2048,1280,238.356,318.354,293.3,0.6868
mixed,8,4,0.5,4.0,64,2048,128,512,320,227.926,233.686,228.022,0.0167
mixed,8,4,0.5,4.0,64,2048,512,2048,1280,297.042,447.628,294.483,-0.017
mixed,8,4,0.5,4.0,256,0,128,512,320,100.443,145.274,112.73,0.2741
mixed,8,4,0.5,4.0,256,0,512,2048,1280,222.423,298.291,282.675,0.7942
mixed,8,4,0.5,4.0,256,512,128,512,320,141.851,163.514,155.61,0.6351
mixed,8,4,0.5,4.0,256,512,512,2048,1280,291.86,394.48,296.307,0.0433
mixed,8,4,0.5,4.0,256,2048,128,512,320,283.541,305.396,299.25,0.7188
mixed,8,4,0.5,4.0,256,2048,512,2048,1280,379.279,451.149,372.144,-0.0993
mixed,8,4,0.5,4.0,1024,0,128,512,320,276.18,293.203,279.251,0.1804
mixed,8,4,0.5,4.0,1024,0,512,2048,1280,391.823,506.444,453.58,0.5388
mixed,8,4,0.5,4.0,1024,512,128,512,320,392.848,412.398,400.046,0.3682
mixed,8,4,0.5,4.0,1024,512,512,2048,1280,470.572,598.887,536.904,0.5169
mixed,8,4,0.5,4.0,1024,2048,128,512,320,716.544,766.686,739.903,0.4659
mixed,8,4,0.5,4.0,1024,2048,512,2048,1280,831.995,845.789,830.781,-0.088
pure,8,6,0.75,4.0,0,0,128,512,416,69.596,81.019,78.077,0.7424
pure,8,6,0.75,4.0,0,0,512,2048,1664,191.992,230.934,226.486,0.8858
mixed,8,6,0.75,4.0,16,0,128,512,416,96.891,107.068,100.572,0.3617
mixed,8,6,0.75,4.0,16,0,512,2048,1664,220.055,258.933,247.797,0.7136
mixed,8,6,0.75,4.0,16,512,128,512,416,121.884,145.818,116.059,-0.2434
mixed,8,6,0.75,4.0,16,512,512,2048,1664,272.821,311.377,297.779,0.6473
mixed,8,6,0.75,4.0,16,2048,128,512,416,223.734,228.469,226.005,0.4796
mixed,8,6,0.75,4.0,16,2048,512,2048,1664,368.975,444.17,301.715,-0.8945
mixed,8,6,0.75,4.0,64,0,128,512,416,103.484,119.035,106.971,0.2242
mixed,8,6,0.75,4.0,64,0,512,2048,1664,229.174,264.15,256.502,0.7813
mixed,8,6,0.75,4.0,64,512,128,512,416,124.602,147.0,119.068,-0.2471
mixed,8,6,0.75,4.0,64,512,512,2048,1664,274.835,316.595,303.571,0.6881
mixed,8,6,0.75,4.0,64,2048,128,512,416,228.214,234.839,230.037,0.2752
mixed,8,6,0.75,4.0,64,2048,512,2048,1664,373.393,448.108,300.34,-0.9778
mixed,8,6,0.75,4.0,256,0,128,512,416,123.579,145.85,116.795,-0.3046
mixed,8,6,0.75,4.0,256,0,512,2048,1664,261.364,299.443,285.619,0.637
mixed,8,6,0.75,4.0,256,512,128,512,416,152.569,163.546,160.633,0.7346
mixed,8,6,0.75,4.0,256,512,512,2048,1664,355.024,397.103,306.291,-1.1581
mixed,8,6,0.75,4.0,256,2048,128,512,416,295.924,306.194,303.986,0.785
mixed,8,6,0.75,4.0,256,2048,512,2048,1664,417.262,452.3,448.973,0.905
mixed,8,6,0.75,4.0,1024,0,128,512,416,286.068,292.658,286.644,0.0874
mixed,8,6,0.75,4.0,1024,0,512,2048,1664,449.805,505.354,471.882,0.3974
mixed,8,6,0.75,4.0,1024,512,128,512,416,403.982,410.51,404.75,0.1176
mixed,8,6,0.75,4.0,1024,512,512,2048,1664,542.345,597.477,567.879,0.4631
mixed,8,6,0.75,4.0,1024,2048,128,512,416,749.759,767.999,754.046,0.235
mixed,8,6,0.75,4.0,1024,2048,512,2048,1664,840.729,844.186,837.563,-0.9158
pure,8,7,0.875,4.0,0,0,128,512,464,70.621,80.477,79.549,0.9058
pure,8,7,0.875,4.0,0,0,512,2048,1856,209.654,230.198,228.086,0.8972
mixed,8,7,0.875,4.0,16,0,128,512,464,96.474,107.804,105.499,0.7966
mixed,8,7,0.875,4.0,16,0,512,2048,1856,231.925,257.749,251.668,0.7645
mixed,8,7,0.875,4.0,16,512,128,512,464,123.323,145.21,121.979,-0.0614
mixed,8,7,0.875,4.0,16,512,512,2048,1856,279.571,311.763,307.731,0.8748
mixed,8,7,0.875,4.0,16,2048,128,512,464,226.295,227.157,226.87,0.6671
mixed,8,7,0.875,4.0,16,2048,512,2048,1856,396.719,443.757,311.985,-1.8014
mixed,8,7,0.875,4.0,64,0,128,512,464,102.876,117.818,111.452,0.574
mixed,8,7,0.875,4.0,64,0,512,2048,1856,240.629,266.611,260.565,0.7673
mixed,8,7,0.875,4.0,64,512,128,512,464,127.259,146.649,131.034,0.1947
mixed,8,7,0.875,4.0,64,512,512,2048,1856,284.595,318.962,309.747,0.7319
mixed,8,7,0.875,4.0,64,2048,128,512,464,230.645,234.518,232.595,0.5035
mixed,8,7,0.875,4.0,64,2048,512,2048,1856,401.198,446.572,317.234,-1.8505
mixed,8,7,0.875,4.0,256,0,128,512,464,124.731,145.241,134.426,0.4727
mixed,8,7,0.875,4.0,256,0,512,2048,1856,272.213,303.921,289.428,0.5429
mixed,8,7,0.875,4.0,256,512,128,512,464,153.401,163.034,161.881,0.8803
mixed,8,7,0.875,4.0,256,512,512,2048,1856,369.901,395.438,370.51,0.0238
mixed,8,7,0.875,4.0,256,2048,128,512,464,296.147,306.097,303.794,0.7685
mixed,8,7,0.875,4.0,256,2048,512,2048,1856,428.909,452.106,450.38,0.9256
mixed,8,7,0.875,4.0,1024,0,128,512,464,286.163,293.075,288.82,0.3844
mixed,8,7,0.875,4.0,1024,0,512,2048,1856,467.306,506.92,488.649,0.5388
mixed,8,7,0.875,4.0,1024,512,128,512,464,405.709,410.989,408.909,0.6061
mixed,8,7,0.875,4.0,1024,512,512,2048,1856,560.618,597.252,580.71,0.5485
mixed,8,7,0.875,4.0,1024,2048,128,512,464,748.669,768.252,763.901,0.7778
mixed,8,7,0.875,4.0,1024,2048,512,2048,1856,837.625,845.208,841.72,0.54
pure,32,1,0.0312,4.0,0,0,128,512,140,126.682,273.652,158.009,0.2132
pure,32,1,0.0312,4.0,0,0,512,2048,560,277.619,880.761,415.148,0.228
mixed,32,1,0.0312,4.0,16,0,128,512,140,144.216,286.835,161.048,0.118
mixed,32,1,0.0312,4.0,16,0,512,2048,560,291.922,879.48,417.198,0.2132
mixed,32,1,0.0312,4.0,16,512,128,512,140,165.975,336.017,165.016,-0.0056
mixed,32,1,0.0312,4.0,16,512,512,2048,560,340.432,939.284,419.276,0.1317
mixed,32,1,0.0312,4.0,16,2048,128,512,140,307.282,422.22,307.025,-0.0022
mixed,32,1,0.0312,4.0,16,2048,512,2048,560,425.932,1084.91,427.596,0.0025
mixed,32,1,0.0312,4.0,64,0,128,512,140,146.266,291.155,162.042,0.1089
mixed,32,1,0.0312,4.0,64,0,512,2048,560,297.491,885.174,420.332,0.209
mixed,32,1,0.0312,4.0,64,512,128,512,140,168.727,337.071,167.256,-0.0087
mixed,32,1,0.0312,4.0,64,512,512,2048,560,341.904,948.243,421.709,0.1316
mixed,32,1,0.0312,4.0,64,2048,128,512,140,310.385,424.428,310.097,-0.0025
mixed,32,1,0.0312,4.0,64,2048,512,2048,560,427.469,1084.109,431.116,0.0056
mixed,32,1,0.0312,4.0,256,0,128,512,140,168.536,328.786,193.079,0.1532
mixed,32,1,0.0312,4.0,256,0,512,2048,560,333.393,916.694,449.227,0.1986
mixed,32,1,0.0312,4.0,256,512,128,512,140,221.206,352.657,221.782,0.0044
mixed,32,1,0.0312,4.0,256,512,512,2048,560,357.935,978.962,490.73,0.2138
mixed,32,1,0.0312,4.0,256,2048,128,512,140,387.854,516.84,388.398,0.0042
mixed,32,1,0.0312,4.0,256,2048,512,2048,560,517.32,1090.67,523.111,0.0101
mixed,32,1,0.0312,4.0,1024,0,128,512,140,386.573,507.208,388.942,0.0196
mixed,32,1,0.0312,4.0,1024,0,512,2048,560,510.25,1159.403,622.18,0.1724
mixed,32,1,0.0312,4.0,1024,512,128,512,140,505.768,628.867,508.328,0.0208
mixed,32,1,0.0312,4.0,1024,512,512,2048,560,632.77,1233.766,700.383,0.1125
mixed,32,1,0.0312,4.0,1024,2048,128,512,140,857.272,998.034,861.944,0.0332
mixed,32,1,0.0312,4.0,1024,2048,512,2048,560,998.225,1500.538,1013.232,0.0299
pure,32,2,0.0625,4.0,0,0,128,512,152,127.003,274.132,159.064,0.2179
pure,32,2,0.0625,4.0,0,0,512,2048,608,284.753,879.67,415.277,0.2194
mixed,32,2,0.0625,4.0,16,0,128,512,152,144.472,288.306,162.138,0.1228
mixed,32,2,0.0625,4.0,16,0,512,2048,608,298.93,881.239,431.595,0.2278
mixed,32,2,0.0625,4.0,16,512,128,512,152,165.432,335.344,172.407,0.0411
mixed,32,2,0.0625,4.0,16,512,512,2048,608,346.928,934.069,434.283,0.1488
mixed,32,2,0.0625,4.0,16,2048,128,512,152,308.466,421.454,314.897,0.0569
mixed,32,2,0.0625,4.0,16,2048,512,2048,608,429.484,1077.197,482.408,0.0817
mixed,32,2,0.0625,4.0,64,0,128,512,152,146.137,291.57,162.968,0.1157
mixed,32,2,0.0625,4.0,64,0,512,2048,608,298.77,885.046,432.363,0.2279
mixed,32,2,0.0625,4.0,64,512,128,512,152,167.959,338.416,173.143,0.0304
mixed,32,2,0.0625,4.0,64,512,512,2048,608,348.814,947.667,435.147,0.1442
mixed,32,2,0.0625,4.0,64,2048,128,512,152,310.738,424.235,316.657,0.0522
mixed,32,2,0.0625,4.0,64,2048,512,2048,608,435.498,1081.58,484.554,0.0759
mixed,32,2,0.0625,4.0,256,0,128,512,152,168.855,327.537,197.078,0.1779
mixed,32,2,0.0625,4.0,256,0,512,2048,608,333.65,915.574,462.282,0.221
mixed,32,2,0.0625,4.0,256,512,128,512,152,222.103,352.815,225.811,0.0284
mixed,32,2,0.0625,4.0,256,512,512,2048,608,360.304,982.578,496.776,0.2193
mixed,32,2,0.0625,4.0,256,2048,128,512,152,387.213,515.816,391.502,0.0334
mixed,32,2,0.0625,4.0,256,2048,512,2048,608,519.847,1091.213,566.308,0.0813
mixed,32,2,0.0625,4.0,1024,0,128,512,152,387.63,507.08,393.966,0.053
mixed,32,2,0.0625,4.0,1024,0,512,2048,608,511.464,1162.505,637.794,0.194
mixed,32,2,0.0625,4.0,1024,512,128,512,152,506.598,631.778,513.064,0.0517
mixed,32,2,0.0625,4.0,1024,512,512,2048,608,632.386,1236.582,717.054,0.1401
mixed,32,2,0.0625,4.0,1024,2048,128,512,152,859.255,994.64,863.928,0.0345
mixed,32,2,0.0625,4.0,1024,2048,512,2048,608,1005.2,1500.279,1035.663,0.0615
pure,32,3,0.0938,4.0,0,0,128,512,164,127.579,272.562,159.417,0.2196
pure,32,3,0.0938,4.0,0,0,512,2048,656,326.224,877.91,441.13,0.2083
mixed,32,3,0.0938,4.0,16,0,128,512,164,145.463,289.267,170.84,0.1765
mixed,32,3,0.0938,4.0,16,0,512,2048,656,337.616,882.933,451.625,0.2091
mixed,32,3,0.0938,4.0,16,512,128,512,164,166.648,335.952,189.942,0.1376
mixed,32,3,0.0938,4.0,16,512,512,2048,656,387.918,944.307,482.25,0.1695
mixed,32,3,0.0938,4.0,16,2048,128,512,164,308.657,419.5,332.111,0.2116
mixed,32,3,0.0938,4.0,16,2048,512,2048,656,461.866,1074.348,487.817,0.0424
mixed,32,3,0.0938,4.0,64,0,128,512,164,147.032,291.444,172.215,0.1744
mixed,32,3,0.0938,4.0,64,0,512,2048,656,340.88,884.374,459.531,0.2183
mixed,32,3,0.0938,4.0,64,512,128,512,164,168.471,336.943,190.326,0.1297
mixed,32,3,0.0938,4.0,64,512,512,2048,656,396.14,948.531,483.497,0.1581
mixed,32,3,0.0938,4.0,64,2048,128,512,164,311.537,424.396,334.383,0.2024
mixed,32,3,0.0938,4.0,64,2048,512,2048,656,464.651,1081.323,489.96,0.041
mixed,32,3,0.0938,4.0,256,0,128,512,164,169.945,329.902,201.046,0.1944
mixed,32,3,0.0938,4.0,256,0,512,2048,656,378.893,916.145,489.481,0.2058
mixed,32,3,0.0938,4.0,256,512,128,512,164,222.197,352.016,227.702,0.0424
mixed,32,3,0.0938,4.0,256,512,512,2048,656,413.803,983.41,499.463,0.1504
mixed,32,3,0.0938,4.0,256,2048,128,512,164,388.845,516.231,395.595,0.053
mixed,32,3,0.0938,4.0,256,2048,512,2048,656,560.326,1090.925,576.517,0.0305
mixed,32,3,0.0938,4.0,1024,0,128,512,164,388.878,506.344,396.717,0.0667
mixed,32,3,0.0938,4.0,1024,0,512,2048,656,564.58,1160.52,654.432,0.1508
mixed,32,3,0.0938,4.0,1024,512,128,512,164,507.272,629.122,516.681,0.0772
mixed,32,3,0.0938,4.0,1024,512,512,2048,656,674.752,1237.443,737.019,0.1107
mixed,32,3,0.0938,4.0,1024,2048,128,512,164,860.181,996.944,867.99,0.0571
mixed,32,3,0.0938,4.0,1024,2048,512,2048,656,1049.868,1499.158,1050.189,0.0007
pure,32,4,0.125,4.0,0,0,128,512,176,128.569,274.227,168.248,0.2724
pure,32,4,0.125,4.0,0,0,512,2048,704,329.425,879.157,479.369,0.2728
mixed,32,4,0.125,4.0,16,0,128,512,176,145.562,289.074,177.816,0.2247
mixed,32,4,0.125,4.0,16,0,512,2048,704,342.639,883.701,483.593,0.2605
mixed,32,4,0.125,4.0,16,512,128,512,176,166.551,336.24,190.999,0.1441
mixed,32,4,0.125,4.0,16,512,512,2048,704,393.39,946.706,486.537,0.1683
mixed,32,4,0.125,4.0,16,2048,128,512,176,309.936,420.044,333.328,0.2124
mixed,32,4,0.125,4.0,16,2048,512,2048,704,463.336,1081.387,490.376,0.0438
mixed,32,4,0.125,4.0,64,0,128,512,176,147.575,291.697,178.296,0.2132
mixed,32,4,0.125,4.0,64,0,512,2048,704,343.952,883.542,486.503,0.2642
mixed,32,4,0.125,4.0,64,512,128,512,176,169.656,338.288,193.527,0.1416
mixed,32,4,0.125,4.0,64,512,512,2048,704,398.957,939.378,489.287,0.1671
mixed,32,4,0.125,4.0,64,2048,128,512,176,312.114,424.172,335.504,0.2087
mixed,32,4,0.125,4.0,64,2048,512,2048,704,465.801,1080.842,494.345,0.0464
mixed,32,4,0.125,4.0,256,0,128,512,176,170.584,327.697,203.638,0.2104
mixed,32,4,0.125,4.0,256,0,512,2048,704,381.453,921.074,496.84,0.2138
mixed,32,4,0.125,4.0,256,512,128,512,176,223.029,352.75,231.476,0.0651
mixed,32,4,0.125,4.0,256,512,512,2048,704,416.107,981.2,506.184,0.1594
mixed,32,4,0.125,4.0,256,2048,128,512,176,388.43,515.559,398.794,0.0815
mixed,32,4,0.125,4.0,256,2048,512,2048,704,561.667,1090.282,583.523,0.0413
mixed,32,4,0.125,4.0,1024,0,128,512,176,388.172,507.558,400.908,0.1067
mixed,32,4,0.125,4.0,1024,0,512,2048,704,566.946,1160.392,670.11,0.1738
mixed,32,4,0.125,4.0,1024,512,128,512,176,507.784,627.936,521.094,0.1108
mixed,32,4,0.125,4.0,1024,512,512,2048,704,674.689,1237.602,756.092,0.1446
mixed,32,4,0.125,4.0,1024,2048,128,512,176,859.893,998.191,871.925,0.087
mixed,32,4,0.125,4.0,1024,2048,512,2048,704,1056.203,1501.366,1063.371,0.0161
pure,32,8,0.25,4.0,0,0,128,512,224,135.098,273.778,186.934,0.3738
pure,32,8,0.25,4.0,0,0,512,2048,896,424.618,879.572,500.775,0.1674
mixed,32,8,0.25,4.0,16,0,128,512,224,148.249,287.891,196.823,0.3478
mixed,32,8,0.25,4.0,16,0,512,2048,896,431.467,883.893,519.56,0.1947
mixed,32,8,0.25,4.0,16,512,128,512,224,173.848,335.663,198.648,0.1533
mixed,32,8,0.25,4.0,16,512,512,2048,896,489.735,944.241,551.716,0.1364
mixed,32,8,0.25,4.0,16,2048,128,512,224,316.304,421.547,340.431,0.2293
mixed,32,8,0.25,4.0,16,2048,512,2048,896,542.406,1082.155,563.75,0.0395
mixed,32,8,0.25,4.0,64,0,128,512,224,150.84,291.089,198.007,0.3363
mixed,32,8,0.25,4.0,64,0,512,2048,896,433.163,883.157,525.446,0.2051
mixed,32,8,0.25,4.0,64,512,128,512,224,175.223,337.869,199.926,0.1519
mixed,32,8,0.25,4.0,64,512,512,2048,896,492.007,947.185,555.813,0.1402
mixed,32,8,0.25,4.0,64,2048,128,512,224,317.52,425.195,343.152,0.238
mixed,32,8,0.25,4.0,64,2048,512,2048,896,547.364,1080.17,566.02,0.035
mixed,32,8,0.25,4.0,256,0,128,512,224,173.176,328.24,215.766,0.2747
mixed,32,8,0.25,4.0,256,0,512,2048,896,473.482,914.994,557.509,0.1903
mixed,32,8,0.25,4.0,256,512,128,512,224,224.726,353.038,249.971,0.1967
mixed,32,8,0.25,4.0,256,512,512,2048,896,526.277,981.294,579.523,0.117
mixed,32,8,0.25,4.0,256,2048,128,512,224,392.076,515.334,423.052,0.2513
mixed,32,8,0.25,4.0,256,2048,512,2048,896,655.901,1092.779,649.31,-0.0151
mixed,32,8,0.25,4.0,1024,0,128,512,224,390.508,506.598,414.698,0.2084
mixed,32,8,0.25,4.0,1024,0,512,2048,896,667.87,1160.582,735.483,0.1372
mixed,32,8,0.25,4.0,1024,512,128,512,224,508.039,629.728,534.854,0.2204
mixed,32,8,0.25,4.0,1024,512,512,2048,896,762.137,1238.466,832.629,0.148
mixed,32,8,0.25,4.0,1024,2048,128,512,224,861.94,993.967,892.403,0.2307
mixed,32,8,0.25,4.0,1024,2048,512,2048,896,1117.994,1499.572,1122.952,0.013
pure,32,16,0.5,4.0,0,0,128,512,320,178.967,274.13,223.796,0.4711
pure,32,16,0.5,4.0,0,0,512,2048,1280,575.78,877.461,649.696,0.245
mixed,32,16,0.5,4.0,16,0,128,512,320,195.286,288.112,228.404,0.3568
mixed,32,16,0.5,4.0,16,0,512,2048,1280,580.771,882.195,650.079,0.2299
mixed,32,16,0.5,4.0,16,512,128,512,320,219.124,335.984,233.717,0.1249
mixed,32,16,0.5,4.0,16,512,512,2048,1280,640.129,942.096,647.936,0.0259
mixed,32,16,0.5,4.0,16,2048,128,512,320,350.093,419.756,375.724,0.3679
mixed,32,16,0.5,4.0,16,2048,512,2048,1280,707.709,1077.289,708.893,0.0032
mixed,32,16,0.5,4.0,64,0,128,512,320,198.134,291.314,230.197,0.3441
mixed,32,16,0.5,4.0,64,0,512,2048,1280,584.033,882.899,653.088,0.2311
mixed,32,16,0.5,4.0,64,512,128,512,320,219.989,337.103,234.774,0.1262
mixed,32,16,0.5,4.0,64,512,512,2048,1280,644.417,949.36,653.758,0.0306
mixed,32,16,0.5,4.0,64,2048,128,512,320,351.888,425.388,376.491,0.3347
mixed,32,16,0.5,4.0,64,2048,512,2048,1280,705.724,1073.546,710.78,0.0137
mixed,32,16,0.5,4.0,256,0,128,512,320,227.22,328.335,248.403,0.2095
mixed,32,16,0.5,4.0,256,0,512,2048,1280,621.057,916.722,677.085,0.1895
mixed,32,16,0.5,4.0,256,512,128,512,320,266.834,352.75,278.448,0.1352
mixed,32,16,0.5,4.0,256,512,512,2048,1280,676.99,981.006,725.884,0.1608
mixed,32,16,0.5,4.0,256,2048,128,512,320,449.833,515.974,457.833,0.121
mixed,32,16,0.5,4.0,256,2048,512,2048,1280,754.234,1091.592,790.809,0.1084
mixed,32,16,0.5,4.0,1024,0,128,512,320,430.347,507.526,445.225,0.1928
mixed,32,16,0.5,4.0,1024,0,512,2048,1280,825.655,1160.038,877.779,0.1559
mixed,32,16,0.5,4.0,1024,512,128,512,320,549.573,627.873,568.58,0.2427
mixed,32,16,0.5,4.0,1024,512,512,2048,1280,927.344,1238.464,969.454,0.1353
mixed,32,16,0.5,4.0,1024,2048,128,512,320,902.642,995.215,922.065,0.2098
mixed,32,16,0.5,4.0,1024,2048,512,2048,1280,1242.849,1499.187,1249.985,0.0278
pure,32,24,0.75,4.0,0,0,128,512,416,225.046,273.841,261.556,0.7482
pure,32,24,0.75,4.0,0,0,512,2048,1664,729.786,881.586,794.136,0.4239
mixed,32,24,0.75,4.0,16,0,128,512,416,241.94,288.658,266.354,0.5226
mixed,32,24,0.75,4.0,16,0,512,2048,1664,733.564,884.659,797.592,0.4238
mixed,32,24,0.75,4.0,16,512,128,512,416,278.13,336.334,271.25,-0.1182
mixed,32,24,0.75,4.0,16,512,512,2048,1664,793.528,944.399,804.343,0.0717
mixed,32,24,0.75,4.0,16,2048,128,512,416,383.373,421.484,412.203,0.7565
mixed,32,24,0.75,4.0,16,2048,512,2048,1664,895.282,1077.768,868.564,-0.1464
mixed,32,24,0.75,4.0,64,0,128,512,416,245.109,291.826,268.944,0.5102
mixed,32,24,0.75,4.0,64,0,512,2048,1664,734.649,886.099,803.479,0.4545
mixed,32,24,0.75,4.0,64,512,128,512,416,279.314,338.127,272.817,-0.1105
mixed,32,24,0.75,4.0,64,512,512,2048,1664,795.544,944.239,805.463,0.0667
mixed,32,24,0.75,4.0,64,2048,128,512,416,386.476,425.002,413.515,0.7018
mixed,32,24,0.75,4.0,64,2048,512,2048,1664,892.882,1079.21,865.108,-0.1491
mixed,32,24,0.75,4.0,256,0,128,512,416,280.051,328.271,287.378,0.1519
mixed,32,24,0.75,4.0,256,0,512,2048,1664,769.527,917.105,823.478,0.3656
mixed,32,24,0.75,4.0,256,512,128,512,416,297.266,352.366,311.664,0.2613
mixed,32,24,0.75,4.0,256,512,512,2048,1664,828.086,980.269,872.948,0.2948
mixed,32,24,0.75,4.0,256,2048,128,512,416,469.447,516.008,498.088,0.6151
mixed,32,24,0.75,4.0,256,2048,512,2048,1664,909.009,1092.392,937.807,0.157
mixed,32,24,0.75,4.0,1024,0,128,512,416,467.495,507.622,476.2,0.2169
mixed,32,24,0.75,4.0,1024,0,512,2048,1664,993.004,1159.652,1014.797,0.1308
mixed,32,24,0.75,4.0,1024,512,128,512,416,590.851,628.545,597.729,0.1825
mixed,32,24,0.75,4.0,1024,512,512,2048,1664,1082.344,1238.496,1109.064,0.1711
mixed,32,24,0.75,4.0,1024,2048,128,512,416,945.166,994.414,958.062,0.2619
mixed,32,24,0.75,4.0,1024,2048,512,2048,1664,1368.761,1500.82,1355.194,-0.1027
pure,32,29,0.9062,4.0,0,0,128,512,476,233.587,274.161,270.417,0.9077
pure,32,29,0.9062,4.0,0,0,512,2048,1904,792.981,879.571,874.258,0.9386
mixed,32,29,0.9062,4.0,16,0,128,512,476,246.964,286.866,272.593,0.6423
mixed,32,29,0.9062,4.0,16,0,512,2048,1904,792.119,882.995,875.508,0.9176
mixed,32,29,0.9062,4.0,16,512,128,512,476,281.362,335.406,273.906,-0.138
mixed,32,29,0.9062,4.0,16,512,512,2048,1904,856.469,941.711,875.986,0.229
mixed,32,29,0.9062,4.0,16,2048,128,512,476,389.869,421.418,414.697,0.787
mixed,32,29,0.9062,4.0,16,2048,512,2048,1904,962.639,1077.993,880.818,-0.7093
mixed,32,29,0.9062,4.0,64,0,128,512,476,251.315,291.889,274.354,0.5678
mixed,32,29,0.9062,4.0,64,0,512,2048,1904,795.96,886.29,877.78,0.9058
mixed,32,29,0.9062,4.0,64,512,128,512,476,285.137,337.581,275.986,-0.1745
mixed,32,29,0.9062,4.0,64,512,512,2048,1904,864.532,946.447,882.994,0.2254
mixed,32,29,0.9062,4.0,64,2048,128,512,476,392.299,423.179,417.961,0.831
mixed,32,29,0.9062,4.0,64,2048,512,2048,1904,967.758,1084.359,883.122,-0.7259
mixed,32,29,0.9062,4.0,256,0,128,512,476,283.664,328.366,311.695,0.6271
mixed,32,29,0.9062,4.0,256,0,512,2048,1904,829.814,915.89,900.366,0.8196
mixed,32,29,0.9062,4.0,256,512,128,512,476,299.504,352.366,344.271,0.8469
mixed,32,29,0.9062,4.0,256,512,512,2048,1904,888.784,981.165,953.232,0.6976
mixed,32,29,0.9062,4.0,256,2048,128,512,476,472.647,515.203,508.966,0.8534
mixed,32,29,0.9062,4.0,256,2048,512,2048,1904,978.478,1090.278,1074.759,0.8612
mixed,32,29,0.9062,4.0,1024,0,128,512,476,468.296,508.071,492.902,0.6186
mixed,32,29,0.9062,4.0,1024,0,512,2048,1904,1053.705,1161.476,1106.694,0.4917
mixed,32,29,0.9062,4.0,1024,512,128,512,476,590.72,628.126,617.184,0.7075
mixed,32,29,0.9062,4.0,1024,512,512,2048,1904,1139.012,1238.88,1190.53,0.5159
mixed,32,29,0.9062,4.0,1024,2048,128,512,476,948.814,995.532,979.756,0.6623
mixed,32,29,0.9062,4.0,1024,2048,512,2048,1904,1417.334,1501.808,1460.274,0.5083
pure,128,1,0.0078,4.0,0,0,128,512,131,464.616,1067.592,465.064,0.0007
pure,128,1,0.0078,4.0,0,0,512,2048,524,1073.48,3500.554,1140.135,0.0275
mixed,128,1,0.0078,4.0,16,0,128,512,131,475.077,1078.505,477.0,0.0032
mixed,128,1,0.0078,4.0,16,0,512,2048,524,1084.743,3494.314,1153.573,0.0286
mixed,128,1,0.0078,4.0,16,512,128,512,131,482.376,1083.113,492.584,0.017
mixed,128,1,0.0078,4.0,16,512,512,2048,524,1090.408,3496.969,1153.634,0.0263
mixed,128,1,0.0078,4.0,16,2048,128,512,131,626.815,1155.715,624.8,-0.0038
mixed,128,1,0.0078,4.0,16,2048,512,2048,524,1162.852,3502.951,1163.33,0.0002
mixed,128,1,0.0078,4.0,64,0,128,512,131,479.527,1082.662,478.214,-0.0022
mixed,128,1,0.0078,4.0,64,0,512,2048,524,1089.799,3495.754,1154.979,0.0271
mixed,128,1,0.0078,4.0,64,512,128,512,131,486.822,1086.727,494.119,0.0122
mixed,128,1,0.0078,4.0,64,512,512,2048,524,1092.776,3497.129,1159.811,0.0279
mixed,128,1,0.0078,4.0,64,2048,128,512,131,631.615,1164.643,629.343,-0.0043
mixed,128,1,0.0078,4.0,64,2048,512,2048,524,1168.035,3509.607,1168.419,0.0002
mixed,128,1,0.0078,4.0,256,0,128,512,131,545.571,1140.036,545.476,-0.0002
mixed,128,1,0.0078,4.0,256,0,512,2048,524,1147.429,3549.222,1197.441,0.0208
mixed,128,1,0.0078,4.0,256,512,128,512,131,570.402,1175.266,569.985,-0.0007
mixed,128,1,0.0078,4.0,256,512,512,2048,524,1182.307,3568.677,1209.569,0.0114
mixed,128,1,0.0078,4.0,256,2048,128,512,131,754.649,1275.099,759.114,0.0086
mixed,128,1,0.0078,4.0,256,2048,512,2048,524,1282.92,3723.506,1285.448,0.001
mixed,128,1,0.0078,4.0,1024,0,128,512,131,868.39,1460.662,869.09,0.0012
mixed,128,1,0.0078,4.0,1024,0,512,2048,524,1467.54,3861.557,1487.895,0.0085
mixed,128,1,0.0078,4.0,1024,512,128,512,131,990.528,1549.604,991.04,0.0009
mixed,128,1,0.0078,4.0,1024,512,512,2048,524,1557.153,3949.455,1568.609,0.0048
mixed,128,1,0.0078,4.0,1024,2048,128,512,131,1356.995,1872.116,1356.607,-0.0008
mixed,128,1,0.0078,4.0,1024,2048,512,2048,524,1880.557,4213.046,1890.733,0.0044
pure,128,2,0.0156,4.0,0,0,128,512,134,466.21,1067.14,467.712,0.0025
pure,128,2,0.0156,4.0,0,0,512,2048,536,1076.903,3490.514,1147.254,0.0291
mixed,128,2,0.0156,4.0,16,0,128,512,134,477.153,1080.77,487.073,0.0164
mixed,128,2,0.0156,4.0,16,0,512,2048,536,1084.768,3501.527,1158.126,0.0304
mixed,128,2,0.0156,4.0,16,512,128,512,134,484.127,1083.706,500.481,0.0273
mixed,128,2,0.0156,4.0,16,512,512,2048,536,1093.176,3497.759,1161.255,0.0283
mixed,128,2,0.0156,4.0,16,2048,128,512,134,629.791,1155.97,636.702,0.0131
mixed,128,2,0.0156,4.0,16,2048,512,2048,536,1163.491,3508.552,1174.177,0.0046
mixed,128,2,0.0156,4.0,64,0,128,512,134,481.302,1084.073,490.968,0.016
mixed,128,2,0.0156,4.0,64,0,512,2048,536,1091.754,3502.573,1163.48,0.0298
mixed,128,2,0.0156,4.0,64,512,128,512,134,488.565,1086.435,502.807,0.0238
mixed,128,2,0.0156,4.0,64,512,512,2048,536,1095.33,3497.269,1164.56,0.0288
mixed,128,2,0.0156,4.0,64,2048,128,512,134,633.811,1163.789,638.482,0.0088
mixed,128,2,0.0156,4.0,64,2048,512,2048,536,1172.876,3511.55,1177.291,0.0019
mixed,128,2,0.0156,4.0,256,0,128,512,134,548.571,1141.44,551.098,0.0043
mixed,128,2,0.0156,4.0,256,0,512,2048,536,1149.983,3552.436,1212.46,0.026
mixed,128,2,0.0156,4.0,256,512,128,512,134,572.862,1174.336,575.707,0.0047
mixed,128,2,0.0156,4.0,256,512,512,2048,536,1183.359,3572.094,1237.991,0.0229
mixed,128,2,0.0156,4.0,256,2048,128,512,134,760.354,1274.795,763.553,0.0062
mixed,128,2,0.0156,4.0,256,2048,512,2048,536,1282.765,3721.384,1295.726,0.0053
mixed,128,2,0.0156,4.0,1024,0,128,512,134,869.972,1459.532,872.5,0.0043
mixed,128,2,0.0156,4.0,1024,0,512,2048,536,1468.49,3863.115,1507.855,0.0164
mixed,128,2,0.0156,4.0,1024,512,128,512,134,990.758,1550.358,994.405,0.0065
mixed,128,2,0.0156,4.0,1024,512,512,2048,536,1558.71,3952.201,1589.431,0.0128
mixed,128,2,0.0156,4.0,1024,2048,128,512,134,1357.577,1873.963,1361.671,0.0079
mixed,128,2,0.0156,4.0,1024,2048,512,2048,536,1882.794,4207.972,1907.69,0.0107
pure,128,3,0.0234,4.0,0,0,128,512,137,467.289,1068.617,480.539,0.022
pure,128,3,0.0234,4.0,0,0,512,2048,548,1078.282,3497.609,1158.776,0.0333
mixed,128,3,0.0234,4.0,16,0,128,512,137,477.912,1078.053,492.379,0.0241
mixed,128,3,0.0234,4.0,16,0,512,2048,548,1091.59,3495.962,1164.369,0.0303
mixed,128,3,0.0234,4.0,16,512,128,512,137,485.367,1083.201,501.721,0.0274
mixed,128,3,0.0234,4.0,16,512,512,2048,548,1092.288,3499.015,1172.398,0.0333
mixed,128,3,0.0234,4.0,16,2048,128,512,137,629.645,1156.521,646.062,0.0312
mixed,128,3,0.0234,4.0,16,2048,512,2048,548,1166.119,3507.67,1212.335,0.0197
mixed,128,3,0.0234,4.0,64,0,128,512,137,481.777,1083.734,496.915,0.0251
mixed,128,3,0.0234,4.0,64,0,512,2048,548,1094.552,3504.07,1171.233,0.0318
mixed,128,3,0.0234,4.0,64,512,128,512,137,489.583,1087.09,504.402,0.0248
mixed,128,3,0.0234,4.0,64,512,512,2048,548,1099.058,3501.428,1170.235,0.0296
mixed,128,3,0.0234,4.0,64,2048,128,512,137,635.046,1163.704,650.343,0.0289
mixed,128,3,0.0234,4.0,64,2048,512,2048,548,1171.639,3510.499,1218.685,0.0201
mixed,128,3,0.0234,4.0,256,0,128,512,137,548.917,1141.392,555.221,0.0106
mixed,128,3,0.0234,4.0,256,0,512,2048,548,1151.952,3548.187,1229.561,0.0324
mixed,128,3,0.0234,4.0,256,512,128,512,137,571.093,1174.544,578.742,0.0127
mixed,128,3,0.0234,4.0,256,512,512,2048,548,1185.327,3572.56,1262.073,0.0321
mixed,128,3,0.0234,4.0,256,2048,128,512,137,760.494,1274.714,767.214,0.0131
mixed,128,3,0.0234,4.0,256,2048,512,2048,548,1284.217,3723.317,1317.084,0.0135
mixed,128,3,0.0234,4.0,1024,0,128,512,137,870.554,1459.438,877.243,0.0114
mixed,128,3,0.0234,4.0,1024,0,512,2048,548,1469.486,3867.035,1525.268,0.0233
mixed,128,3,0.0234,4.0,1024,512,128,512,137,991.112,1550.291,998.023,0.0124
mixed,128,3,0.0234,4.0,1024,512,512,2048,548,1561.489,3951.349,1606.71,0.0189
mixed,128,3,0.0234,4.0,1024,2048,128,512,137,1357.91,1872.28,1365.171,0.0141
mixed,128,3,0.0234,4.0,1024,2048,512,2048,548,1883.864,4211.816,1921.179,0.016
pure,128,4,0.0312,4.0,0,0,128,512,140,467.102,1067.723,486.238,0.0319
pure,128,4,0.0312,4.0,0,0,512,2048,560,1081.098,3487.26,1181.526,0.0417
mixed,128,4,0.0312,4.0,16,0,128,512,140,478.076,1079.047,497.854,0.0329
mixed,128,4,0.0312,4.0,16,0,512,2048,560,1093.127,3496.11,1194.547,0.0422
mixed,128,4,0.0312,4.0,16,512,128,512,140,484.796,1083.044,502.748,0.03
mixed,128,4,0.0312,4.0,16,512,512,2048,560,1097.284,3494.432,1213.999,0.0487
mixed,128,4,0.0312,4.0,16,2048,128,512,140,630.474,1156.616,649.291,0.0358
mixed,128,4,0.0312,4.0,16,2048,512,2048,560,1172.905,3502.87,1223.566,0.0217
mixed,128,4,0.0312,4.0,64,0,128,512,140,481.847,1082.171,501.913,0.0334
mixed,128,4,0.0312,4.0,64,0,512,2048,560,1098.109,3503.499,1200.101,0.0424
mixed,128,4,0.0312,4.0,64,512,128,512,140,489.335,1087.962,507.194,0.0298
mixed,128,4,0.0312,4.0,64,512,512,2048,560,1103.034,3501.469,1216.835,0.0474
mixed,128,4,0.0312,4.0,64,2048,128,512,140,635.493,1164.221,654.628,0.0362
mixed,128,4,0.0312,4.0,64,2048,512,2048,560,1175.387,3509.973,1227.33,0.0222
mixed,128,4,0.0312,4.0,256,0,128,512,140,548.474,1140.247,559.418,0.0185
mixed,128,4,0.0312,4.0,256,0,512,2048,560,1155.831,3549.964,1253.344,0.0407
mixed,128,4,0.0312,4.0,256,512,128,512,140,572.571,1174.71,584.027,0.019
mixed,128,4,0.0312,4.0,256,512,512,2048,560,1188.024,3572.9,1270.364,0.0345
mixed,128,4,0.0312,4.0,256,2048,128,512,140,761.257,1272.925,770.123,0.0173
mixed,128,4,0.0312,4.0,256,2048,512,2048,560,1286.558,3720.937,1337.697,0.021
mixed,128,4,0.0312,4.0,1024,0,128,512,140,870.228,1460.203,881.814,0.0196
mixed,128,4,0.0312,4.0,1024,0,512,2048,560,1471.691,3865.515,1542.767,0.0297
mixed,128,4,0.0312,4.0,1024,512,128,512,140,991.005,1551.024,1002.139,0.0199
mixed,128,4,0.0312,4.0,1024,512,512,2048,560,1561.583,3949.861,1627.122,0.0274
mixed,128,4,0.0312,4.0,1024,2048,128,512,140,1357.112,1873.128,1370.649,0.0262
mixed,128,4,0.0312,4.0,1024,2048,512,2048,560,1883.654,4210.227,1937.288,0.0231
pure,128,8,0.0625,4.0,0,0,128,512,152,469.417,1067.612,499.243,0.0499
pure,128,8,0.0625,4.0,0,0,512,2048,608,1093.916,3496.713,1238.248,0.0601
mixed,128,8,0.0625,4.0,16,0,128,512,152,480.04,1078.491,511.179,0.052
mixed,128,8,0.0625,4.0,16,0,512,2048,608,1107.453,3490.528,1250.693,0.0601
mixed,128,8,0.0625,4.0,16,512,128,512,152,486.118,1083.449,518.569,0.0543
mixed,128,8,0.0625,4.0,16,512,512,2048,608,1110.362,3497.145,1254.118,0.0602
mixed,128,8,0.0625,4.0,16,2048,128,512,152,632.081,1157.113,661.363,0.0558
mixed,128,8,0.0625,4.0,16,2048,512,2048,608,1182.65,3511.983,1286.949,0.0448
mixed,128,8,0.0625,4.0,64,0,128,512,152,484.614,1082.643,514.982,0.0508
mixed,128,8,0.0625,4.0,64,0,512,2048,608,1110.004,3503.686,1253.181,0.0598
mixed,128,8,0.0625,4.0,64,512,128,512,152,489.764,1087.473,524.006,0.0573
mixed,128,8,0.0625,4.0,64,512,512,2048,608,1115.986,3501.341,1258.617,0.0598
mixed,128,8,0.0625,4.0,64,2048,128,512,152,636.238,1162.739,664.495,0.0537
mixed,128,8,0.0625,4.0,64,2048,512,2048,608,1187.507,3504.084,1290.009,0.0442
mixed,128,8,0.0625,4.0,256,0,128,512,152,550.566,1140.462,577.798,0.0462
mixed,128,8,0.0625,4.0,256,0,512,2048,608,1164.337,3552.494,1313.08,0.0623
mixed,128,8,0.0625,4.0,256,512,128,512,152,574.759,1173.677,601.672,0.0449
mixed,128,8,0.0625,4.0,256,512,512,2048,608,1197.583,3570.89,1338.232,0.0593
mixed,128,8,0.0625,4.0,256,2048,128,512,152,763.568,1274.675,788.083,0.048
mixed,128,8,0.0625,4.0,256,2048,512,2048,608,1294.449,3718.796,1409.306,0.0474
mixed,128,8,0.0625,4.0,1024,0,128,512,152,871.286,1460.122,900.313,0.0493
mixed,128,8,0.0625,4.0,1024,0,512,2048,608,1479.226,3862.892,1617.09,0.0578
mixed,128,8,0.0625,4.0,1024,512,128,512,152,991.996,1550.685,1018.077,0.0467
mixed,128,8,0.0625,4.0,1024,512,512,2048,608,1569.437,3952.585,1702.053,0.0556
mixed,128,8,0.0625,4.0,1024,2048,128,512,152,1360.24,1876.268,1382.447,0.043
mixed,128,8,0.0625,4.0,1024,2048,512,2048,608,1889.197,4211.088,2005.522,0.0501
pure,128,16,0.125,4.0,0,0,128,512,176,475.644,1067.196,535.806,0.1017
pure,128,16,0.125,4.0,0,0,512,2048,704,1282.631,3486.334,1391.661,0.0495
mixed,128,16,0.125,4.0,16,0,128,512,176,486.33,1079.163,547.615,0.1034
mixed,128,16,0.125,4.0,16,0,512,2048,704,1296.262,3495.13,1402.922,0.0485
mixed,128,16,0.125,4.0,16,512,128,512,176,493.049,1084.41,552.604,0.1007
mixed,128,16,0.125,4.0,16,512,512,2048,704,1295.043,3496.628,1408.264,0.0514
mixed,128,16,0.125,4.0,16,2048,128,512,176,639.2,1157.819,693.41,0.1045
mixed,128,16,0.125,4.0,16,2048,512,2048,704,1346.818,3513.424,1428.071,0.0375
mixed,128,16,0.125,4.0,64,0,128,512,176,490.681,1082.645,550.554,0.1011
mixed,128,16,0.125,4.0,64,0,512,2048,704,1303.487,3499.238,1407.01,0.0471
mixed,128,16,0.125,4.0,64,512,128,512,176,496.825,1088.085,557.946,0.1034
mixed,128,16,0.125,4.0,64,512,512,2048,704,1303.678,3496.546,1413.248,0.05
mixed,128,16,0.125,4.0,64,2048,128,512,176,643.004,1162.9,697.121,0.1041
mixed,128,16,0.125,4.0,64,2048,512,2048,704,1352.125,3504.606,1430.527,0.0364
mixed,128,16,0.125,4.0,256,0,128,512,176,556.152,1140.562,612.315,0.0961
mixed,128,16,0.125,4.0,256,0,512,2048,704,1355.416,3551.033,1456.574,0.0461
mixed,128,16,0.125,4.0,256,512,128,512,176,579.608,1174.704,635.58,0.0941
mixed,128,16,0.125,4.0,256,512,512,2048,704,1396.796,3572.661,1482.014,0.0392
mixed,128,16,0.125,4.0,256,2048,128,512,176,767.712,1274.804,825.217,0.1134
mixed,128,16,0.125,4.0,256,2048,512,2048,704,1461.21,3723.797,1543.743,0.0365
mixed,128,16,0.125,4.0,1024,0,128,512,176,876.259,1460.825,937.381,0.1046
mixed,128,16,0.125,4.0,1024,0,512,2048,704,1672.802,3860.117,1757.155,0.0386
mixed,128,16,0.125,4.0,1024,512,128,512,176,995.077,1550.042,1051.815,0.1022
mixed,128,16,0.125,4.0,1024,512,512,2048,704,1761.474,3951.443,1841.987,0.0368
mixed,128,16,0.125,4.0,1024,2048,128,512,176,1361.874,1872.901,1419.346,0.1125
mixed,128,16,0.125,4.0,1024,2048,512,2048,704,2061.226,4210.52,2137.068,0.0353
pure,128,32,0.25,4.0,0,0,128,512,224,492.688,1066.757,602.55,0.1914
pure,128,32,0.25,4.0,0,0,512,2048,896,1670.49,3490.008,1663.833,-0.0037
mixed,128,32,0.25,4.0,16,0,128,512,224,504.112,1077.668,614.325,0.1922
mixed,128,32,0.25,4.0,16,0,512,2048,896,1681.241,3498.964,1674.423,-0.0038
mixed,128,32,0.25,4.0,16,512,128,512,224,511.538,1084.26,620.276,0.1899
mixed,128,32,0.25,4.0,16,512,512,2048,896,1680.087,3495.506,1677.716,-0.0013
mixed,128,32,0.25,4.0,16,2048,128,512,224,653.556,1156.292,769.431,0.2305
mixed,128,32,0.25,4.0,16,2048,512,2048,896,1689.876,3504.81,1694.483,0.0025
mixed,128,32,0.25,4.0,64,0,128,512,224,507.727,1081.249,618.226,0.1927
mixed,128,32,0.25,4.0,64,0,512,2048,896,1684.146,3499.525,1678.867,-0.0029
mixed,128,32,0.25,4.0,64,512,128,512,224,515.664,1088.608,625.233,0.1912
mixed,128,32,0.25,4.0,64,512,512,2048,896,1684.815,3501.508,1683.472,-0.0007
mixed,128,32,0.25,4.0,64,2048,128,512,224,659.986,1163.135,772.084,0.2228
mixed,128,32,0.25,4.0,64,2048,512,2048,896,1696.27,3510.814,1697.677,0.0008
mixed,128,32,0.25,4.0,256,0,128,512,224,564.239,1139.582,682.13,0.2049
mixed,128,32,0.25,4.0,256,0,512,2048,896,1737.292,3548.156,1726.733,-0.0058
mixed,128,32,0.25,4.0,256,512,128,512,224,587.918,1174.942,712.817,0.2128
mixed,128,32,0.25,4.0,256,512,512,2048,896,1775.277,3576.184,1752.812,-0.0125
mixed,128,32,0.25,4.0,256,2048,128,512,224,775.059,1274.24,889.942,0.2301
mixed,128,32,0.25,4.0,256,2048,512,2048,896,1830.539,3722.425,1807.595,-0.0121
mixed,128,32,0.25,4.0,1024,0,128,512,224,882.133,1458.978,1008.76,0.2195
mixed,128,32,0.25,4.0,1024,0,512,2048,896,2056.271,3860.568,2034.06,-0.0123
mixed,128,32,0.25,4.0,1024,512,128,512,224,1003.062,1549.154,1117.721,0.21
mixed,128,32,0.25,4.0,1024,512,512,2048,896,2147.183,3951.159,2125.582,-0.012
mixed,128,32,0.25,4.0,1024,2048,128,512,224,1369.694,1873.769,1486.656,0.232
mixed,128,32,0.25,4.0,1024,2048,512,2048,896,2413.874,4209.527,2400.818,-0.0073
pure,128,64,0.5,4.0,0,0,128,512,320,681.743,1067.511,759.856,0.2025
pure,128,64,0.5,4.0,0,0,512,2048,1280,2271.791,3491.525,2256.267,-0.0127
mixed,128,64,0.5,4.0,16,0,128,512,320,694.798,1079.221,770.319,0.1965
mixed,128,64,0.5,4.0,16,0,512,2048,1280,2280.46,3500.036,2266.793,-0.0112
mixed,128,64,0.5,4.0,16,512,128,512,320,700.974,1084.02,777.968,0.201
mixed,128,64,0.5,4.0,16,512,512,2048,1280,2287.273,3494.271,2271.945,-0.0127
mixed,128,64,0.5,4.0,16,2048,128,512,320,822.83,1155.573,898.512,0.2274
mixed,128,64,0.5,4.0,16,2048,512,2048,1280,2291.304,3506.877,2287.143,-0.0034
mixed,128,64,0.5,4.0,64,0,128,512,320,698.253,1082.738,774.86,0.1992
mixed,128,64,0.5,4.0,64,0,512,2048,1280,2287.43,3502.201,2272.805,-0.012
mixed,128,64,0.5,4.0,64,512,128,512,320,703.563,1088.051,781.132,0.2017
mixed,128,64,0.5,4.0,64,512,512,2048,1280,2287.555,3497.782,2277.924,-0.008
mixed,128,64,0.5,4.0,64,2048,128,512,320,821.868,1160.913,902.541,0.2379
mixed,128,64,0.5,4.0,64,2048,512,2048,1280,2296.739,3508.98,2290.305,-0.0053
mixed,128,64,0.5,4.0,256,0,128,512,320,760.042,1141.265,834.606,0.1956
mixed,128,64,0.5,4.0,256,0,512,2048,1280,2341.12,3550.034,2322.56,-0.0154
mixed,128,64,0.5,4.0,256,512,128,512,320,782.218,1175.247,858.22,0.1934
mixed,128,64,0.5,4.0,256,512,512,2048,1280,2374.272,3572.654,2339.583,-0.0289
mixed,128,64,0.5,4.0,256,2048,128,512,320,945.965,1275.023,1025.997,0.2432
mixed,128,64,0.5,4.0,256,2048,512,2048,1280,2447.486,3718.318,2402.11,-0.0357
mixed,128,64,0.5,4.0,1024,0,128,512,320,1077.676,1458.45,1153.005,0.1978
mixed,128,64,0.5,4.0,1024,0,512,2048,1280,2653.984,3860.525,2628.126,-0.0214
mixed,128,64,0.5,4.0,1024,512,128,512,320,1168.014,1550.356,1248.11,0.2095
mixed,128,64,0.5,4.0,1024,512,512,2048,1280,2743.455,3949.996,2717.053,-0.0219
mixed,128,64,0.5,4.0,1024,2048,128,512,320,1538.672,1873.78,1621.745,0.2479
mixed,128,64,0.5,4.0,1024,2048,512,2048,1280,3002.816,4204.748,2977.854,-0.0208
pure,128,96,0.75,4.0,0,0,128,512,416,874.026,1066.443,916.232,0.2193
pure,128,96,0.75,4.0,0,0,512,2048,1664,2880.668,3493.442,2897.916,0.0281
mixed,128,96,0.75,4.0,16,0,128,512,416,887.209,1079.883,929.768,0.2209
mixed,128,96,0.75,4.0,16,0,512,2048,1664,2886.521,3495.966,2913.531,0.0443
mixed,128,96,0.75,4.0,16,512,128,512,416,892.136,1083.881,933.321,0.2148
mixed,128,96,0.75,4.0,16,512,512,2048,1664,2887.032,3497.341,2928.985,0.0687
mixed,128,96,0.75,4.0,16,2048,128,512,416,990.567,1157.577,1027.691,0.2223
mixed,128,96,0.75,4.0,16,2048,512,2048,1664,2898.389,3508.475,2947.479,0.0805
mixed,128,96,0.75,4.0,64,0,128,512,416,890.855,1081.415,933.894,0.2259
mixed,128,96,0.75,4.0,64,0,512,2048,1664,2893.942,3499.801,2916.694,0.0376
mixed,128,96,0.75,4.0,64,512,128,512,416,894.981,1087.111,937.414,0.2209
mixed,128,96,0.75,4.0,64,512,512,2048,1664,2891.123,3502.519,2939.921,0.0798
mixed,128,96,0.75,4.0,64,2048,128,512,416,995.399,1164.073,1031.112,0.2117
mixed,128,96,0.75,4.0,64,2048,512,2048,1664,2897.65,3509.877,2951.217,0.0875
mixed,128,96,0.75,4.0,256,0,128,512,416,953.863,1139.143,994.311,0.2183
mixed,128,96,0.75,4.0,256,0,512,2048,1664,2947.089,3553.33,2981.167,0.0562
mixed,128,96,0.75,4.0,256,512,128,512,416,978.885,1173.574,1014.886,0.1849
mixed,128,96,0.75,4.0,256,512,512,2048,1664,2964.462,3577.458,2997.069,0.0532
mixed,128,96,0.75,4.0,256,2048,128,512,416,1105.989,1274.342,1148.581,0.253
mixed,128,96,0.75,4.0,256,2048,512,2048,1664,3081.452,3718.608,3057.388,-0.0378
mixed,128,96,0.75,4.0,1024,0,128,512,416,1270.628,1459.91,1302.789,0.1699
mixed,128,96,0.75,4.0,1024,0,512,2048,1664,3257.132,3864.175,3280.587,0.0386
mixed,128,96,0.75,4.0,1024,512,128,512,416,1361.124,1550.341,1391.077,0.1583
mixed,128,96,0.75,4.0,1024,512,512,2048,1664,3350.187,3951.725,3367.82,0.0293
mixed,128,96,0.75,4.0,1024,2048,128,512,416,1708.389,1874.31,1751.941,0.2625
mixed,128,96,0.75,4.0,1024,2048,512,2048,1664,3603.754,4210.476,3599.851,-0.0064
pure,128,115,0.8984,4.0,0,0,128,512,473,890.85,1066.273,998.883,0.6158
pure,128,115,0.8984,4.0,0,0,512,2048,1892,3103.303,3491.113,3246.408,0.369
mixed,128,115,0.8984,4.0,16,0,128,512,473,903.424,1079.043,1011.651,0.6163
mixed,128,115,0.8984,4.0,16,0,512,2048,1892,3115.975,3496.55,3257.701,0.3724
mixed,128,115,0.8984,4.0,16,512,128,512,473,908.161,1082.594,1015.297,0.6142
mixed,128,115,0.8984,4.0,16,512,512,2048,1892,3116.101,3493.412,3256.516,0.3721
mixed,128,115,0.8984,4.0,16,2048,128,512,473,1004.29,1155.618,1087.425,0.5494
mixed,128,115,0.8984,4.0,16,2048,512,2048,1892,3129.956,3506.017,3267.076,0.3646
mixed,128,115,0.8984,4.0,64,0,128,512,473,907.617,1083.584,1015.073,0.6107
mixed,128,115,0.8984,4.0,64,0,512,2048,1892,3125.313,3497.507,3255.907,0.3509
mixed,128,115,0.8984,4.0,64,512,128,512,473,912.513,1087.266,1019.2,0.6105
mixed,128,115,0.8984,4.0,64,512,512,2048,1892,3118.495,3496.674,3259.938,0.374
mixed,128,115,0.8984,4.0,64,2048,128,512,473,1010.625,1162.941,1103.551,0.6101
mixed,128,115,0.8984,4.0,64,2048,512,2048,1892,3129.567,3509.76,3274.272,0.3806
mixed,128,115,0.8984,4.0,256,0,128,512,473,963.552,1138.846,1076.063,0.6418
mixed,128,115,0.8984,4.0,256,0,512,2048,1892,3173.406,3552.221,3297.278,0.327
mixed,128,115,0.8984,4.0,256,512,128,512,473,988.8,1175.135,1100.735,0.6007
mixed,128,115,0.8984,4.0,256,512,512,2048,1892,3193.98,3570.268,3316.028,0.3243
mixed,128,115,0.8984,4.0,256,2048,128,512,473,1114.943,1273.982,1223.935,0.6853
mixed,128,115,0.8984,4.0,256,2048,512,2048,1892,3323.388,3723.258,3376.508,0.1328
mixed,128,115,0.8984,4.0,1024,0,128,512,473,1279.422,1459.998,1394.494,0.6372
mixed,128,115,0.8984,4.0,1024,0,512,2048,1892,3490.428,3863.034,3607.162,0.3133
mixed,128,115,0.8984,4.0,1024,512,128,512,473,1369.982,1550.845,1483.612,0.6283
mixed,128,115,0.8984,4.0,1024,512,512,2048,1892,3577.528,3952.313,3704.152,0.3379
mixed,128,115,0.8984,4.0,1024,2048,128,512,473,1714.812,1872.699,1826.044,0.7045
mixed,128,115,0.8984,4.0,1024,2048,512,2048,1892,3830.232,4210.198,3959.222,0.3395
pure,512,1,0.002,4.0,0,0,128,512,128,1795.163,6228.21,1798.33,0.0007
pure,512,1,0.002,4.0,0,0,512,2048,515,4162.451,13689.749,4161.138,-0.0001
mixed,512,1,0.002,4.0,16,0,128,512,128,1835.387,4194.096,1840.633,0.0022
mixed,512,1,0.002,4.0,16,0,512,2048,515,4208.368,13722.824,4210.285,0.0002
mixed,512,1,0.002,4.0,16,512,128,512,128,1841.656,4202.125,1847.32,0.0024
mixed,512,1,0.002,4.0,16,512,512,2048,515,4216.235,13713.212,4217.996,0.0002
mixed,512,1,0.002,4.0,16,2048,128,512,128,1863.062,4216.201,1867.796,0.002
mixed,512,1,0.002,4.0,16,2048,512,2048,515,6349.436,20617.518,4239.431,-0.1479
mixed,512,1,0.002,4.0,64,0,128,512,128,1837.525,4197.574,1841.333,0.0016
mixed,512,1,0.002,4.0,64,0,512,2048,515,4209.35,13730.442,4211.044,0.0002
mixed,512,1,0.002,4.0,64,512,128,512,128,1843.54,6304.15,1849.139,0.0013
mixed,512,1,0.002,4.0,64,512,512,2048,515,4216.322,13725.982,4221.89,0.0006
mixed,512,1,0.002,4.0,64,2048,128,512,128,1863.57,4221.761,1870.866,0.0031
mixed,512,1,0.002,4.0,64,2048,512,2048,515,4235.873,13750.744,6362.093,0.2235
mixed,512,1,0.002,4.0,256,0,128,512,128,2050.511,4384.893,2055.248,0.002
mixed,512,1,0.002,4.0,256,0,512,2048,515,4402.044,13898.448,4401.405,-0.0001
mixed,512,1,0.002,4.0,256,512,128,512,128,2074.35,4408.538,2078.51,0.0018
mixed,512,1,0.002,4.0,256,512,512,2048,515,4425.178,13902.631,4426.169,0.0001
mixed,512,1,0.002,4.0,256,2048,128,512,128,2145.07,4476.606,2148.301,0.0014
mixed,512,1,0.002,4.0,256,2048,512,2048,515,4493.662,13950.683,4495.002,0.0001
mixed,512,1,0.002,4.0,1024,0,128,512,128,2942.747,5258.631,2946.808,0.0018
mixed,512,1,0.002,4.0,1024,0,512,2048,515,5276.517,14685.271,5278.02,0.0002
mixed,512,1,0.002,4.0,1024,512,128,512,128,3034.841,5352.451,3038.52,0.0016
mixed,512,1,0.002,4.0,1024,512,512,2048,515,5366.977,14777.608,5367.87,0.0001
mixed,512,1,0.002,4.0,1024,2048,128,512,128,3312.666,5629.792,3317.368,0.002
mixed,512,1,0.002,4.0,1024,2048,512,2048,515,5644.671,15024.252,5644.894,0.0
pure,512,2,0.0039,4.0,0,0,128,512,129,1801.759,4147.62,1801.917,0.0001
pure,512,2,0.0039,4.0,0,0,512,2048,518,4168.673,20525.856,6281.6,0.1292
mixed,512,2,0.0039,4.0,16,0,128,512,129,1843.932,4196.351,1843.483,-0.0002
mixed,512,2,0.0039,4.0,16,0,512,2048,518,4213.95,13730.278,4231.036,0.0018
mixed,512,2,0.0039,4.0,16,512,128,512,129,1852.826,4204.348,2776.136,0.3926
mixed,512,2,0.0039,4.0,16,512,512,2048,518,6336.377,13719.928,4241.336,-0.2837
mixed,512,2,0.0039,4.0,16,2048,128,512,129,1869.913,4218.519,1872.536,0.0011
mixed,512,2,0.0039,4.0,16,2048,512,2048,518,4243.254,13745.773,4253.461,0.0011
mixed,512,2,0.0039,4.0,64,0,128,512,129,2769.986,4193.331,1846.006,-0.6492
mixed,512,2,0.0039,4.0,64,0,512,2048,518,4216.274,13726.432,4236.176,0.0021
mixed,512,2,0.0039,4.0,64,512,128,512,129,1852.692,4204.015,1853.62,0.0004
mixed,512,2,0.0039,4.0,64,512,512,2048,518,4226.03,13722.227,4242.861,0.0018
mixed,512,2,0.0039,4.0,64,2048,128,512,129,1872.147,4219.5,1877.395,0.0022
mixed,512,2,0.0039,4.0,64,2048,512,2048,518,4243.147,13741.704,4253.738,0.0011
mixed,512,2,0.0039,4.0,256,0,128,512,129,2061.172,4383.561,2059.124,-0.0009
mixed,512,2,0.0039,4.0,256,0,512,2048,518,4408.456,13901.725,4420.583,0.0013
mixed,512,2,0.0039,4.0,256,512,128,512,129,2085.362,4409.414,2085.426,0.0
mixed,512,2,0.0039,4.0,256,512,512,2048,518,4434.628,13901.777,4445.092,0.0011
mixed,512,2,0.0039,4.0,256,2048,128,512,129,2153.97,4477.443,2155.12,0.0005
mixed,512,2,0.0039,4.0,256,2048,512,2048,518,4503.842,13949.735,4512.577,0.0009
mixed,512,2,0.0039,4.0,1024,0,128,512,129,2951.316,5259.91,2951.795,0.0002
mixed,512,2,0.0039,4.0,1024,0,512,2048,518,5284.069,14685.219,5294.403,0.0011
mixed,512,2,0.0039,4.0,1024,512,128,512,129,3044.851,5351.842,3042.898,-0.0008
mixed,512,2,0.0039,4.0,1024,512,512,2048,518,5376.449,14771.032,5386.592,0.0011
mixed,512,2,0.0039,4.0,1024,2048,128,512,129,3321.683,5627.104,3320.018,-0.0007
mixed,512,2,0.0039,4.0,1024,2048,512,2048,518,8477.87,15027.537,5663.165,-0.4297
pure,512,3,0.0059,4.0,0,0,128,512,130,1806.185,4147.699,1806.122,-0.0
pure,512,3,0.0059,4.0,0,0,512,2048,521,4172.532,13685.664,4198.708,0.0028
mixed,512,3,0.0059,4.0,16,0,128,512,130,1849.161,6290.683,2772.938,0.208
mixed,512,3,0.0059,4.0,16,0,512,2048,521,4219.697,13716.375,4248.336,0.003
mixed,512,3,0.0059,4.0,16,512,128,512,130,1855.174,4198.287,1854.502,-0.0003
mixed,512,3,0.0059,4.0,16,512,512,2048,521,4224.112,13720.785,6380.468,0.2271
mixed,512,3,0.0059,4.0,16,2048,128,512,130,1875.75,4218.767,1879.525,0.0016
mixed,512,3,0.0059,4.0,16,2048,512,2048,521,4243.406,13743.945,4265.772,0.0024
mixed,512,3,0.0059,4.0,64,0,128,512,130,1850.15,4196.811,1851.461,0.0006
mixed,512,3,0.0059,4.0,64,0,512,2048,521,4216.971,13732.897,4248.33,0.0033
mixed,512,3,0.0059,4.0,64,512,128,512,130,1857.795,4202.793,1857.956,0.0001
mixed,512,3,0.0059,4.0,64,512,512,2048,521,4227.208,13727.034,4254.982,0.0029
mixed,512,3,0.0059,4.0,64,2048,128,512,130,1876.58,4222.087,1880.515,0.0017
mixed,512,3,0.0059,4.0,64,2048,512,2048,521,4243.813,13748.21,4270.053,0.0028
mixed,512,3,0.0059,4.0,256,0,128,512,130,2063.425,4384.804,2064.61,0.0005
mixed,512,3,0.0059,4.0,256,0,512,2048,521,4411.684,13904.171,4438.276,0.0028
mixed,512,3,0.0059,4.0,256,512,128,512,130,2087.424,4407.073,2088.291,0.0004
mixed,512,3,0.0059,4.0,256,512,512,2048,521,4435.618,13903.108,4461.696,0.0028
mixed,512,3,0.0059,4.0,256,2048,128,512,130,2159.168,4476.608,2158.56,-0.0003
mixed,512,3,0.0059,4.0,256,2048,512,2048,521,4502.368,20925.372,4529.982,0.0017
mixed,512,3,0.0059,4.0,1024,0,128,512,130,2955.07,5259.357,2956.926,0.0008
mixed,512,3,0.0059,4.0,1024,0,512,2048,521,5283.932,14684.567,5312.092,0.003
mixed,512,3,0.0059,4.0,1024,512,128,512,130,3048.285,5348.763,4571.803,0.6623
mixed,512,3,0.0059,4.0,1024,512,512,2048,521,5376.411,14771.021,5403.386,0.0029
mixed,512,3,0.0059,4.0,1024,2048,128,512,130,3325.628,5627.45,3325.242,-0.0002
mixed,512,3,0.0059,4.0,1024,2048,512,2048,521,5653.24,15027.112,5682.616,0.0031
pure,512,4,0.0078,4.0,0,0,128,512,131,2712.507,4143.48,1810.846,-0.6301
pure,512,4,0.0078,4.0,0,0,512,2048,524,4167.352,13702.63,4206.552,0.0041
mixed,512,4,0.0078,4.0,16,0,128,512,131,1850.62,4196.662,1853.245,0.0011
mixed,512,4,0.0078,4.0,16,0,512,2048,524,4217.589,13727.843,4258.199,0.0043
mixed,512,4,0.0078,4.0,16,512,128,512,131,1857.308,4199.574,1858.683,0.0006
mixed,512,4,0.0078,4.0,16,512,512,2048,524,4224.823,13731.516,4263.86,0.0041
mixed,512,4,0.0078,4.0,16,2048,128,512,131,1876.41,4219.091,1879.322,0.0012
mixed,512,4,0.0078,4.0,16,2048,512,2048,524,4241.716,13746.871,4286.898,0.0048
mixed,512,4,0.0078,4.0,64,0,128,512,131,1852.762,4196.918,1855.739,0.0013
mixed,512,4,0.0078,4.0,64,0,512,2048,524,4222.129,13729.459,4260.113,0.004
mixed,512,4,0.0078,4.0,64,512,128,512,131,1858.809,4205.105,1861.019,0.0009
mixed,512,4,0.0078,4.0,64,512,512,2048,524,4227.024,13725.103,4267.664,0.0043
mixed,512,4,0.0078,4.0,64,2048,128,512,131,1878.138,4221.009,1884.794,0.0028
mixed,512,4,0.0078,4.0,64,2048,512,2048,524,4248.944,13752.332,4288.143,0.0041
mixed,512,4,0.0078,4.0,256,0,128,512,131,2065.272,4384.367,2067.959,0.0012
mixed,512,4,0.0078,4.0,256,0,512,2048,524,4412.047,13899.272,4455.086,0.0045
mixed,512,4,0.0078,4.0,256,512,128,512,131,2087.638,4408.908,2091.255,0.0016
mixed,512,4,0.0078,4.0,256,512,512,2048,524,6653.955,20852.512,4480.236,-0.1531
mixed,512,4,0.0078,4.0,256,2048,128,512,131,2159.893,4476.588,2162.006,0.0009
mixed,512,4,0.0078,4.0,256,2048,512,2048,524,4504.46,13952.191,4547.307,0.0045
mixed,512,4,0.0078,4.0,1024,0,128,512,131,2955.443,7890.107,2962.066,0.0013
mixed,512,4,0.0078,4.0,1024,0,512,2048,524,5286.28,14681.656,5332.166,0.0049
mixed,512,4,0.0078,4.0,1024,512,128,512,131,3048.562,5349.094,3051.728,0.0014
mixed,512,4,0.0078,4.0,1024,512,512,2048,524,5377.958,14770.262,8134.134,0.2935
mixed,512,4,0.0078,4.0,1024,2048,128,512,131,3324.751,5628.163,3329.582,0.0021
mixed,512,4,0.0078,4.0,1024,2048,512,2048,524,5653.602,15024.847,5700.737,0.005
pure,512,32,0.0625,4.0,0,0,128,512,152,1825.111,4145.226,1935.414,0.0475
pure,512,32,0.0625,4.0,0,0,512,2048,608,4237.129,13693.014,4743.173,0.0535
mixed,512,32,0.0625,4.0,16,0,128,512,152,1864.021,4192.008,1980.437,0.05
mixed,512,32,0.0625,4.0,16,0,512,2048,608,4282.183,13731.761,4792.708,0.054
mixed,512,32,0.0625,4.0,16,512,128,512,152,1871.252,4202.919,1987.764,0.05
mixed,512,32,0.0625,4.0,16,512,512,2048,608,4291.429,13722.253,5048.002,0.0802
mixed,512,32,0.0625,4.0,16,2048,128,512,152,1890.74,4218.949,2006.997,0.0499
mixed,512,32,0.0625,4.0,16,2048,512,2048,608,4311.877,13754.893,4804.994,0.0522
mixed,512,32,0.0625,4.0,64,0,128,512,152,1866.548,4197.285,1980.532,0.0489
mixed,512,32,0.0625,4.0,64,0,512,2048,608,4286.18,13732.137,4795.522,0.0539
mixed,512,32,0.0625,4.0,64,512,128,512,152,1874.293,4204.005,1989.811,0.0496
mixed,512,32,0.0625,4.0,64,512,512,2048,608,4293.893,20588.891,4794.785,0.0307
mixed,512,32,0.0625,4.0,64,2048,128,512,152,1890.902,4220.421,2008.914,0.0507
mixed,512,32,0.0625,4.0,64,2048,512,2048,608,4315.811,13749.573,4808.255,0.0522
mixed,512,32,0.0625,4.0,256,0,128,512,152,2079.25,4383.842,3292.394,0.5264
mixed,512,32,0.0625,4.0,256,0,512,2048,608,6704.369,13899.233,4971.902,-0.2408
mixed,512,32,0.0625,4.0,256,512,128,512,152,2103.762,4409.185,2218.96,0.05
mixed,512,32,0.0625,4.0,256,512,512,2048,608,4494.432,13899.007,4989.597,0.0527
mixed,512,32,0.0625,4.0,256,2048,128,512,152,3260.456,4477.12,2287.215,-0.7999
mixed,512,32,0.0625,4.0,256,2048,512,2048,608,4563.936,13950.653,5059.227,0.0528
mixed,512,32,0.0625,4.0,1024,0,128,512,152,2968.554,5260.218,3088.138,0.0522
mixed,512,32,0.0625,4.0,1024,0,512,2048,608,5334.009,14685.94,5836.085,0.0537
mixed,512,32,0.0625,4.0,1024,512,128,512,152,3061.546,5349.976,3179.018,0.0513
mixed,512,32,0.0625,4.0,1024,512,512,2048,608,5426.645,14774.737,5930.548,0.0539
mixed,512,32,0.0625,4.0,1024,2048,128,512,152,3337.608,5627.317,3457.19,0.0522
mixed,512,32,0.0625,4.0,1024,2048,512,2048,608,5701.749,15026.83,6200.881,0.0535
pure,512,64,0.125,4.0,0,0,128,512,176,1838.482,4144.257,2080.24,0.1048
pure,512,64,0.125,4.0,0,0,512,2048,704,4997.626,13685.014,5311.831,0.0362
mixed,512,64,0.125,4.0,16,0,128,512,176,1882.129,4196.03,2124.88,0.1049
mixed,512,64,0.125,4.0,16,0,512,2048,704,5044.024,13725.813,5354.934,0.0358
mixed,512,64,0.125,4.0,16,512,128,512,176,1890.801,4200.189,2134.702,0.1056
mixed,512,64,0.125,4.0,16,512,512,2048,704,5041.753,13724.018,5364.63,0.0372
mixed,512,64,0.125,4.0,16,2048,128,512,176,1906.192,4218.559,2157.39,0.1086
mixed,512,64,0.125,4.0,16,2048,512,2048,704,5063.192,13747.791,5383.124,0.0368
mixed,512,64,0.125,4.0,64,0,128,512,176,1884.498,4198.811,2125.328,0.1041
mixed,512,64,0.125,4.0,64,0,512,2048,704,7566.243,20603.672,5356.466,-0.1695
mixed,512,64,0.125,4.0,64,512,128,512,176,1892.625,4202.814,2135.341,0.1051
mixed,512,64,0.125,4.0,64,512,512,2048,704,5043.573,13723.566,5371.187,0.0377
mixed,512,64,0.125,4.0,64,2048,128,512,176,1909.263,6332.202,2160.559,0.0568
mixed,512,64,0.125,4.0,64,2048,512,2048,704,5064.342,13751.916,5384.531,0.0369
mixed,512,64,0.125,4.0,256,0,128,512,176,2096.462,4383.708,2340.845,0.1068
mixed,512,64,0.125,4.0,256,0,512,2048,704,5224.756,13902.634,8333.72,0.3583
mixed,512,64,0.125,4.0,256,512,128,512,176,2118.957,4409.307,2366.251,0.108
mixed,512,64,0.125,4.0,256,512,512,2048,704,5251.538,13901.993,5578.192,0.0378
mixed,512,64,0.125,4.0,256,2048,128,512,176,2191.275,4476.569,2437.259,0.1076
mixed,512,64,0.125,4.0,256,2048,512,2048,704,5317.01,13946.886,5634.638,0.0368
mixed,512,64,0.125,4.0,1024,0,128,512,176,2985.061,5260.274,3231.556,0.1083
mixed,512,64,0.125,4.0,1024,0,512,2048,704,6088.907,14682.398,6427.11,0.0394
mixed,512,64,0.125,4.0,1024,512,128,512,176,3078.18,5350.992,3324.291,0.1083
mixed,512,64,0.125,4.0,1024,512,512,2048,704,6181.768,14772.285,6517.638,0.0391
mixed,512,64,0.125,4.0,1024,2048,128,512,176,3355.106,5627.055,3600.832,0.1082
mixed,512,64,0.125,4.0,1024,2048,512,2048,704,6453.83,15025.115,6781.732,0.0383
pure,512,128,0.25,4.0,0,0,128,512,224,1878.446,4152.538,2375.788,0.2187
pure,512,128,0.25,4.0,0,0,512,2048,896,6520.006,13700.453,6494.852,-0.0035
mixed,512,128,0.25,4.0,16,0,128,512,224,1918.385,4194.682,2419.72,0.2202
mixed,512,128,0.25,4.0,16,0,512,2048,896,6561.251,13734.275,6542.436,-0.0026
mixed,512,128,0.25,4.0,16,512,128,512,224,1928.493,4201.817,2428.042,0.2197
mixed,512,128,0.25,4.0,16,512,512,2048,896,6559.813,13722.657,6551.81,-0.0011
mixed,512,128,0.25,4.0,16,2048,128,512,224,1943.246,4221.401,3669.085,0.7576
mixed,512,128,0.25,4.0,16,2048,512,2048,896,9858.696,13750.371,6566.339,-0.846
mixed,512,128,0.25,4.0,64,0,128,512,224,1921.198,4197.082,2422.792,0.2204
mixed,512,128,0.25,4.0,64,0,512,2048,896,6561.666,13724.77,6540.355,-0.003
mixed,512,128,0.25,4.0,64,512,128,512,224,2896.711,4206.104,2429.32,-0.357
mixed,512,128,0.25,4.0,64,512,512,2048,896,6562.851,13723.361,6555.714,-0.001
mixed,512,128,0.25,4.0,64,2048,128,512,224,1946.511,4219.032,2446.696,0.2201
mixed,512,128,0.25,4.0,64,2048,512,2048,896,6574.914,20622.558,9864.676,0.2342
mixed,512,128,0.25,4.0,256,0,128,512,224,2126.956,4383.8,2632.808,0.2241
mixed,512,128,0.25,4.0,256,0,512,2048,896,6725.889,13898.94,6741.185,0.0021
mixed,512,128,0.25,4.0,256,512,128,512,224,2150.764,4410.295,2654.342,0.2229
mixed,512,128,0.25,4.0,256,512,512,2048,896,6755.136,13899.996,6760.768,0.0008
mixed,512,128,0.25,4.0,256,2048,128,512,224,2220.426,4475.798,2727.206,0.2247
mixed,512,128,0.25,4.0,256,2048,512,2048,896,6823.646,13949.691,6828.639,0.0007
mixed,512,128,0.25,4.0,1024,0,128,512,224,3012.131,5259.884,3519.038,0.2255
mixed,512,128,0.25,4.0,1024,0,512,2048,896,7583.576,14681.492,7596.597,0.0018
mixed,512,128,0.25,4.0,1024,512,128,512,224,3104.129,5349.933,3610.75,0.2256
mixed,512,128,0.25,4.0,1024,512,512,2048,896,7673.717,14772.691,7684.564,0.0015
mixed,512,128,0.25,4.0,1024,2048,128,512,224,3381.086,5628.2,3887.771,0.2255
mixed,512,128,0.25,4.0,1024,2048,512,2048,896,7947.41,15023.663,7946.9,-0.0001
pure,512,256,0.5,4.0,0,0,128,512,320,2633.286,4149.976,2962.884,0.2173
pure,512,256,0.5,4.0,0,0,512,2048,1280,13359.933,20536.381,8859.818,-0.6271
mixed,512,256,0.5,4.0,16,0,128,512,320,2684.389,4194.23,3008.835,0.2149
mixed,512,256,0.5,4.0,16,0,512,2048,1280,8936.01,13735.449,8902.217,-0.007
mixed,512,256,0.5,4.0,16,512,128,512,320,2691.366,6303.522,4525.937,0.5079
mixed,512,256,0.5,4.0,16,512,512,2048,1280,8938.729,13725.623,8906.184,-0.0068
mixed,512,256,0.5,4.0,16,2048,128,512,320,2709.668,4217.815,3033.378,0.2146
mixed,512,256,0.5,4.0,16,2048,512,2048,1280,8950.951,13744.6,13410.299,0.9303
mixed,512,256,0.5,4.0,64,0,128,512,320,2686.244,4193.525,3013.058,0.2168
mixed,512,256,0.5,4.0,64,0,512,2048,1280,8941.865,13730.391,8904.52,-0.0078
mixed,512,256,0.5,4.0,64,512,128,512,320,2692.485,4202.486,3017.858,0.2155
mixed,512,256,0.5,4.0,64,512,512,2048,1280,8945.925,13722.135,8907.815,-0.008
mixed,512,256,0.5,4.0,64,2048,128,512,320,2712.933,4223.67,3032.481,0.2115
mixed,512,256,0.5,4.0,64,2048,512,2048,1280,8953.382,13744.758,8937.223,-0.0034
mixed,512,256,0.5,4.0,256,0,128,512,320,2872.74,4369.556,3218.08,0.2307
mixed,512,256,0.5,4.0,256,0,512,2048,1280,9100.262,13889.269,9087.461,-0.0027
mixed,512,256,0.5,4.0,256,512,128,512,320,2897.059,4395.508,3226.176,0.2196
mixed,512,256,0.5,4.0,256,512,512,2048,1280,9114.405,13889.493,9108.132,-0.0013
mixed,512,256,0.5,4.0,256,2048,128,512,320,1490.609,2236.585,1652.144,0.2165
mixed,512,256,0.5,4.0,256,2048,512,2048,1280,4600.849,6973.562,4594.803,-0.0025
mixed,512,256,0.5,4.0,1024,0,128,512,320,3769.979,5259.692,4093.175,0.217
mixed,512,256,0.5,4.0,1024,0,512,2048,1280,9918.302,14654.86,9920.892,0.0005
mixed,512,256,0.5,4.0,1024,512,128,512,320,3861.752,5324.235,4159.254,0.2034
mixed,512,256,0.5,4.0,1024,512,512,2048,1280,9988.059,14773.803,10006.972,0.004
mixed,512,256,0.5,4.0,1024,2048,128,512,320,4111.16,5602.791,6692.956,1.7309
mixed,512,256,0.5,4.0,1024,2048,512,2048,1280,15429.606,15000.873,10271.416,
pure,512,384,0.75,4.0,0,0,128,512,416,1697.423,2072.107,1773.166,0.2022
pure,512,384,0.75,4.0,0,0,512,2048,1664,5647.014,6851.45,5619.91,-0.0225
mixed,512,384,0.75,4.0,16,0,128,512,416,5163.563,2096.363,1795.47,
mixed,512,384,0.75,4.0,16,0,512,2048,1664,5662.47,6864.042,5642.992,-0.0162
mixed,512,384,0.75,4.0,16,512,128,512,416,1725.754,2100.083,1797.022,0.1904
mixed,512,384,0.75,4.0,16,512,512,2048,1664,5670.761,20578.784,16935.807,0.7556
mixed,512,384,0.75,4.0,16,2048,128,512,416,1738.069,2108.429,1806.776,0.1855
mixed,512,384,0.75,4.0,16,2048,512,2048,1664,5675.64,6878.18,5659.409,-0.0135
mixed,512,384,0.75,4.0,64,0,128,512,416,1724.399,2096.966,1794.834,0.1891
mixed,512,384,0.75,4.0,64,0,512,2048,1664,5667.495,6869.231,5642.848,-0.0205
mixed,512,384,0.75,4.0,64,512,128,512,416,1725.612,2101.793,1800.078,0.198
mixed,512,384,0.75,4.0,64,512,512,2048,1664,5664.568,6860.19,5647.25,-0.0145
mixed,512,384,0.75,4.0,64,2048,128,512,416,1737.255,4219.191,1807.786,0.0284
mixed,512,384,0.75,4.0,64,2048,512,2048,1664,5678.41,6869.515,5661.732,-0.014
mixed,512,384,0.75,4.0,256,0,128,512,416,1819.976,2192.091,1896.459,0.2055
mixed,512,384,0.75,4.0,256,0,512,2048,1664,5752.705,6949.824,5737.114,-0.013
mixed,512,384,0.75,4.0,256,512,128,512,416,1832.675,2203.767,1908.839,0.2052
mixed,512,384,0.75,4.0,256,512,512,2048,1664,5757.491,6953.807,5746.926,-0.0088
mixed,512,384,0.75,4.0,256,2048,128,512,416,3734.979,2237.428,1944.612,
mixed,512,384,0.75,4.0,256,2048,512,2048,1664,17356.982,20924.613,5775.171,-3.2464
mixed,512,384,0.75,4.0,1024,0,128,512,416,2258.928,2629.603,2332.21,0.1977
mixed,512,384,0.75,4.0,1024,0,512,2048,1664,6148.973,7343.142,6139.113,-0.0083
mixed,512,384,0.75,4.0,1024,512,128,512,416,2304.878,8025.438,7139.633,0.8452
mixed,512,384,0.75,4.0,1024,512,512,2048,1664,6195.298,7384.503,6183.134,-0.0102
mixed,512,384,0.75,4.0,1024,2048,128,512,416,2442.864,2813.792,2515.922,0.197
mixed,512,384,0.75,4.0,1024,2048,512,2048,1664,6327.325,7511.216,18968.585,10.6777
pure,512,461,0.9004,4.0,0,0,128,512,473,1720.075,2074.106,1946.997,0.641
pure,512,461,0.9004,4.0,0,0,512,2048,1895,6108.872,6843.078,6340.494,0.3155
mixed,512,461,0.9004,4.0,16,0,128,512,473,1741.897,2098.777,1971.187,0.6425
mixed,512,461,0.9004,4.0,16,0,512,2048,1895,6125.502,6864.153,6353.795,0.3091
mixed,512,461,0.9004,4.0,16,512,128,512,473,1745.991,2101.748,1974.382,0.642
mixed,512,461,0.9004,4.0,16,512,512,2048,1895,6125.042,13709.849,6353.465,0.0301
mixed,512,461,0.9004,4.0,16,2048,128,512,473,1758.884,4219.265,1984.651,0.0918
mixed,512,461,0.9004,4.0,16,2048,512,2048,1895,6133.096,6870.978,6361.069,0.309
mixed,512,461,0.9004,4.0,64,0,128,512,473,1744.449,2098.252,1971.72,0.6424
mixed,512,461,0.9004,4.0,64,0,512,2048,1895,12253.052,6868.663,6353.922,
mixed,512,461,0.9004,4.0,64,512,128,512,473,1747.837,2099.722,1975.75,0.6477
mixed,512,461,0.9004,4.0,64,512,512,2048,1895,6126.677,6862.637,6351.161,0.305
mixed,512,461,0.9004,4.0,64,2048,128,512,473,1758.939,2109.863,1983.874,0.641
mixed,512,461,0.9004,4.0,64,2048,512,2048,1895,6133.643,20626.375,6364.271,0.0159
mixed,512,461,0.9004,4.0,256,0,128,512,473,1838.204,2190.951,2070.403,0.6583
mixed,512,461,0.9004,4.0,256,0,512,2048,1895,6214.502,6946.265,6449.161,0.3207
mixed,512,461,0.9004,4.0,256,512,128,512,473,1850.969,2204.677,2082.368,0.6542
mixed,512,461,0.9004,4.0,256,512,512,2048,1895,6214.205,6951.73,6454.625,0.326
mixed,512,461,0.9004,4.0,256,2048,128,512,473,1883.641,2237.474,4223.324,6.6124
mixed,512,461,0.9004,4.0,256,2048,512,2048,1895,6246.007,6973.674,6488.121,0.3327
mixed,512,461,0.9004,4.0,1024,0,128,512,473,2274.561,7887.681,7518.452,0.9342
mixed,512,461,0.9004,4.0,1024,0,512,2048,1895,6605.657,7342.411,6843.101,0.3223
mixed,512,461,0.9004,4.0,1024,512,128,512,473,2319.807,2674.377,2551.141,0.6524
mixed,512,461,0.9004,4.0,1024,512,512,2048,1895,13312.101,7387.364,20652.8,
mixed,512,461,0.9004,4.0,1024,2048,128,512,473,7378.089,2813.738,2689.349,
mixed,512,461,0.9004,4.0,1024,2048,512,2048,1895,6780.366,7510.111,7022.256,0.3315
pure,984,1,0.001,4.0,0,0,128,512,128,1707.467,3946.593,1711.818,0.0019
pure,984,1,0.001,4.0,0,0,512,2048,513,3956.8,13058.103,3963.581,0.0007
pure,984,2,0.002,4.0,0,0,128,512,128,1709.064,3949.657,1714.343,0.0024
pure,984,2,0.002,4.0,0,0,512,2048,515,3964.504,13048.989,3978.998,0.0016
pure,984,3,0.003,4.0,0,0,128,512,129,5149.612,3945.522,1720.324,
pure,984,3,0.003,4.0,0,0,512,2048,516,3968.945,13050.855,11984.43,0.8826
pure,984,4,0.0041,4.0,0,0,128,512,129,1717.762,3950.124,1725.313,0.0034
pure,984,4,0.0041,4.0,0,0,512,2048,518,3972.939,39178.328,4005.802,0.0009
pure,984,62,0.063,4.0,0,0,128,512,152,1736.928,3948.87,1861.601,0.0564
pure,984,62,0.063,4.0,0,0,512,2048,608,12121.491,13052.191,4540.781,-8.1452
pure,984,123,0.125,4.0,0,0,128,512,176,1751.261,3950.337,2002.176,0.1141
pure,984,123,0.125,4.0,0,0,512,2048,704,4764.651,13053.1,5120.719,0.043
pure,984,246,0.25,4.0,0,0,128,512,224,1785.723,3951.1,2274.113,0.2255
pure,984,246,0.25,4.0,0,0,512,2048,896,6211.643,13046.589,6227.416,0.0023
pure,984,492,0.5,4.0,0,0,128,512,320,2507.139,11850.274,2837.958,0.0354
pure,984,492,0.5,4.0,0,0,512,2048,1280,8488.754,13056.045,8529.903,0.009
pure,984,738,0.75,4.0,0,0,128,512,416,9704.38,3948.114,3400.299,
pure,984,738,0.75,4.0,0,0,512,2048,1664,10774.116,13053.022,32442.563,9.5083
pure,984,886,0.9004,4.0,0,0,128,512,473,3276.742,3950.446,3748.587,0.7004
pure,984,886,0.9004,4.0,0,0,512,2048,1895,11665.604,13063.951,12200.676,0.3826
mixed,8,1,0.125,1.5,16,0,128,192,136,31.617,33.567,31.296,-0.1646
mixed,8,1,0.125,2.0,16,0,128,256,144,31.937,80.802,36.8,0.0995
mixed,8,1,0.125,8.0,16,0,128,1024,240,34.369,80.353,72.065,0.8198
mixed,8,1,0.125,16.0,16,0,128,2048,368,41.184,128.673,119.297,0.8928
mixed,32,4,0.125,1.5,16,0,128,192,136,72.224,73.281,70.945,-1.21
mixed,32,4,0.125,2.0,16,0,128,256,144,72.481,95.873,74.21,0.0739
mixed,32,4,0.125,8.0,16,0,128,1024,240,76.001,241.571,118.53,0.2569
mixed,32,4,0.125,16.0,16,0,128,2048,368,198.946,441.317,166.177,-0.1352
mixed,8,4,0.5,1.5,16,0,128,192,160,32.641,33.057,31.104,-3.6947
mixed,8,4,0.5,2.0,16,0,128,256,192,33.6,41.857,74.37,4.9376
pure,8,1,0.125,2.0,0,0,128,256,144,20.768,27.327,26.081,0.81
pure,8,1,0.125,8.0,0,0,128,1024,240,22.817,131.106,62.273,0.3644
pure,8,1,0.125,16.0,0,0,128,2048,368,30.145,116.321,110.178,0.9287
pure,256,1,0.0039,4.0,0,0,128,512,129,1373.9,3160.699,1370.795,-0.0017
pure,256,1,0.0039,4.0,0,0,512,2048,518,3174.108,10385.562,3173.435,-0.0001
pure,256,2,0.0078,4.0,0,0,128,512,131,1378.028,3155.291,1376.108,-0.0011
pure,256,2,0.0078,4.0,0,0,512,2048,524,3177.211,10386.2,3188.155,0.0015
pure,256,3,0.0117,4.0,0,0,128,512,132,1380.65,3159.58,1383.468,0.0016
pure,256,3,0.0117,4.0,0,0,512,2048,530,3180.219,10385.018,3224.539,0.0062
pure,256,4,0.0156,4.0,0,0,128,512,134,1383.18,3162.042,1391.596,0.0047
pure,256,4,0.0156,4.0,0,0,512,2048,536,3185.148,10393.815,3253.787,0.0095
pure,256,16,0.0625,4.0,0,0,128,512,152,1389.133,3160.474,1472.717,0.0472
pure,256,16,0.0625,4.0,0,0,512,2048,608,3235.835,10388.631,3583.102,0.0485
pure,256,32,0.125,4.0,0,0,128,512,176,1404.46,3159.417,1574.572,0.0969
pure,256,32,0.125,4.0,0,0,512,2048,704,3808.225,10391.733,3996.545,0.0286
pure,256,64,0.25,4.0,0,0,128,512,224,1435.372,3159.931,1796.271,0.2093
pure,256,64,0.25,4.0,0,0,512,2048,896,4960.521,10391.124,4898.312,-0.0115
pure,256,128,0.5,4.0,0,0,128,512,320,2007.826,3157.786,2240.018,0.2019
pure,256,128,0.5,4.0,0,0,512,2048,1280,6764.663,10396.692,6668.568,-0.0265
pure,256,192,0.75,4.0,0,0,128,512,416,2588.308,3160.443,2677.173,0.1553
pure,256,192,0.75,4.0,0,0,512,2048,1664,8573.22,10390.167,8489.508,-0.0461
pure,256,230,0.8984,4.0,0,0,128,512,473,2628.117,3158.651,2933.688,0.576
pure,256,230,0.8984,4.0,0,0,512,2048,1892,9263.884,10403.604,9527.502,0.2313
pure,64,1,0.0156,4.0,0,0,128,512,134,355.202,802.947,398.018,0.0956
pure,64,1,0.0156,4.0,0,0,512,2048,536,810.311,2616.018,1012.709,0.1121
pure,64,2,0.0312,4.0,0,0,128,512,140,356.29,802.789,401.411,0.1011
pure,64,2,0.0312,4.0,0,0,512,2048,560,816.709,2618.483,1016.168,0.1107
pure,64,3,0.0469,4.0,0,0,128,512,146,356.226,802.693,401.633,0.1017
pure,64,3,0.0469,4.0,0,0,512,2048,584,823.62,2617.423,1022.789,0.111
pure,64,4,0.0625,4.0,0,0,128,512,152,357.827,802.404,403.491,0.1027
pure,64,4,0.0625,4.0,0,0,512,2048,608,833.957,2617.999,1049.446,0.1208
pure,64,8,0.125,4.0,0,0,128,512,176,364.13,803.013,419.14,0.1253
pure,64,8,0.125,4.0,0,0,512,2048,704,970.341,2617.679,1160.487,0.1154
pure,64,16,0.25,4.0,0,0,128,512,224,377.444,802.278,488.418,0.2612
pure,64,16,0.25,4.0,0,0,512,2048,896,1260.36,2621.68,1365.26,0.0771
pure,64,32,0.5,4.0,0,0,128,512,320,516.422,802.919,586.79,0.2456
pure,64,32,0.5,4.0,0,0,512,2048,1280,1711.631,2617.816,1778.417,0.0737
pure,64,48,0.75,4.0,0,0,128,512,416,663.591,802.152,696.775,0.2395
pure,64,48,0.75,4.0,0,0,512,2048,1664,2164.916,2619.16,2259.639,0.2085
pure,64,58,0.9062,4.0,0,0,128,512,476,675.302,801.959,792.199,0.9229
pure,64,58,0.9062,4.0,0,0,512,2048,1904,2344.212,2617.654,2592.342,0.9074
