prefill_chunk,kv_prefill,n_decode,kv_decode,time_us
0,0,1,16,16.916
0,0,1,64,16.959
0,0,1,256,25.545
0,0,1,1024,27.0267
0,0,1,4096,33.01
0,0,1,16384,46.001
0,0,2,16,17.2577
0,0,2,64,17.236
0,0,2,256,25.7903
0,0,2,1024,27.5703
0,0,2,4096,35.5283
0,0,2,16384,57.937
0,0,4,16,17.0113
0,0,4,64,16.7873
0,0,4,256,25.3847
0,0,4,1024,27.5387
0,0,4,4096,40.2093
0,0,4,16384,64.143
0,0,8,16,16.8733
0,0,8,64,16.8623
0,0,8,256,25.598
0,0,8,1024,28.637
0,0,8,4096,44.6787
0,0,8,16384,86.6157
0,0,16,16,17.2577
0,0,16,64,17.097
0,0,16,256,25.992
0,0,16,1024,34.2477
0,0,16,4096,57.403
0,0,16,16384,133.332
0,0,32,16,17.4493
0,0,32,64,17.3097
0,0,32,256,27.1337
0,0,32,1024,42.5253
0,0,32,4096,83.3213
0,0,32,16384,229.548
0,0,64,16,17.588
0,0,64,64,17.8753
0,0,64,256,34.3863
0,0,64,1024,59.9403
0,0,64,4096,132.906
0,0,64,16384,423.046
0,0,128,16,21.62
0,0,128,64,23.0803
0,0,128,256,49.041
0,0,128,1024,93.5387
0,0,128,4096,236.31
0,0,128,16384,818.701
0,0,256,16,27.741
0,0,256,64,31.763
0,0,256,256,66.074
0,0,256,1024,162.364
0,0,256,4096,541.756
0,0,256,16384,2069.94
16,0,0,0,16.9267
16,0,1,16,16.735
16,0,1,64,16.7033
16,0,1,256,23.4433
16,0,1,1024,46.5877
16,0,1,4096,141.257
16,0,1,16384,519.146
16,0,2,16,16.7773
16,0,2,64,16.6707
16,0,2,256,23.4867
16,0,2,1024,46.6527
16,0,2,4096,141.172
16,0,2,16384,519.839
16,0,4,16,16.9797
16,0,4,64,16.8837
16,0,4,256,23.604
16,0,4,1024,46.9933
16,0,4,4096,142.121
16,0,4,16384,524.831
16,0,8,16,16.6377
16,0,8,64,16.5003
16,0,8,256,23.358
16,0,8,1024,47.0143
16,0,8,4096,142.666
16,0,8,16384,524.191
16,0,16,16,16.649
16,0,16,64,16.6597
16,0,16,256,23.71
16,0,16,1024,47.676
16,0,16,4096,144.148
16,0,16,16384,526.772
16,0,32,16,18.8887
16,0,32,64,19.017
16,0,32,256,32.2857
16,0,32,1024,68.7403
16,0,32,4096,218.425
16,0,32,16384,819.537
16,0,64,16,28.9143
16,0,64,64,29.6727
16,0,64,256,48.5397
16,0,64,1024,108.141
16,0,64,4096,371.82
16,0,64,16384,1348.66
16,0,128,16,36.221
16,0,128,64,37.3837
16,0,128,256,75.194
16,0,128,1024,192.273
16,0,128,4096,716.069
16,0,128,16384,3036.38
16,16,0,0,16.959
16,16,1,16,16.7453
16,16,1,64,16.7237
16,16,1,256,23.39
16,16,1,1024,46.5247
16,16,1,4096,141.109
16,16,1,16384,518.678
16,16,2,16,16.8417
16,16,2,64,16.9573
16,16,2,256,23.5073
16,16,2,1024,46.7167
16,16,2,4096,141.397
16,16,2,16384,520.225
16,16,4,16,17.012
16,16,4,64,17.0113
16,16,4,256,23.379
16,16,4,1024,46.716
16,16,4,4096,141.973
16,16,4,16384,522.711
16,16,8,16,16.5747
16,16,8,64,16.7667
16,16,8,256,23.432
16,16,8,1024,47.132
16,16,8,4096,142.485
16,16,8,16384,524.875
16,16,16,16,16.6603
16,16,16,64,16.6177
16,16,16,256,23.7953
16,16,16,1024,47.6557
16,16,16,4096,144.383
16,16,16,16384,527.072
16,16,32,16,18.729
16,16,32,64,18.8783
16,16,32,256,31.986
16,16,32,1024,68.7097
16,16,32,4096,219.065
16,16,32,16384,820.884
16,16,64,16,29.011
16,16,64,64,29.5227
16,16,64,256,48.583
16,16,64,1024,110.243
16,16,64,4096,372.408
16,16,64,16384,1348.39
16,16,128,16,36.1243
16,16,128,64,36.8713
16,16,128,256,73.584
16,16,128,1024,198.342
16,16,128,4096,707.167
16,16,128,16384,3027.19
16,64,0,0,17.1297
16,64,1,16,16.948
16,64,1,64,16.9803
16,64,1,256,23.6247
16,64,1,1024,46.6193
16,64,1,4096,141.397
16,64,1,16384,519.503
16,64,2,16,17.0013
16,64,2,64,16.991
16,64,2,256,23.5183
16,64,2,1024,46.78
16,64,2,4096,141.153
16,64,2,16384,519.908
16,64,4,16,16.9693
16,64,4,64,16.8727
16,64,4,256,23.5613
16,64,4,1024,46.6633
16,64,4,4096,142.123
16,64,4,16384,522.627
16,64,8,16,16.7027
16,64,8,64,16.6917
16,64,8,256,23.3907
16,64,8,1024,47.09
16,64,8,4096,142.976
16,64,8,16384,523.662
16,64,16,16,16.895
16,64,16,64,16.8947
16,64,16,256,23.7847
16,64,16,1024,47.7833
16,64,16,4096,144.394
16,64,16,16384,526.404
16,64,32,16,18.9427
16,64,32,64,19.0913
16,64,32,256,32.222
16,64,32,1024,68.9653
16,64,32,4096,218.671
16,64,32,16384,822.893
16,64,64,16,29.2563
16,64,64,64,29.566
16,64,64,256,48.4123
16,64,64,1024,109.336
16,64,64,4096,368.186
16,64,64,16384,1347.21
16,64,128,16,36.7653
16,64,128,64,38.1413
16,64,128,256,73.3813
16,64,128,1024,198.897
16,64,128,4096,717.633
16,64,128,16384,3032.46
16,256,0,0,24.884
16,256,1,16,23.7103
16,256,1,64,23.838
16,256,1,256,24.564
16,256,1,1024,46.8337
16,256,1,4096,141.355
16,256,1,16384,520.336
16,256,2,16,23.187
16,256,2,64,23.326
16,256,2,256,24.5427
16,256,2,1024,46.813
16,256,2,4096,141.302
16,256,2,16384,520.623
16,256,4,16,23.2303
16,256,4,64,23.3583
16,256,4,256,24.4243
16,256,4,1024,46.8443
16,256,4,4096,141.825
16,256,4,16384,522.97
16,256,8,16,23.4967
16,256,8,64,23.4757
16,256,8,256,24.2547
16,256,8,1024,47.1327
16,256,8,4096,142.657
16,256,8,16384,524.57
16,256,16,16,23.5927
16,256,16,64,23.5397
16,256,16,256,24.489
16,256,16,1024,47.6227
16,256,16,4096,144.64
16,256,16,16384,527.087
16,256,32,16,25.9073
16,256,32,64,26.0137
16,256,32,256,32.477
16,256,32,1024,68.3577
16,256,32,4096,218.161
16,256,32,16384,822.651
16,256,64,16,29.5127
16,256,64,64,29.9823
16,256,64,256,46.407
16,256,64,1024,112.952
16,256,64,4096,352.69
16,256,64,16384,1415.36
16,256,128,16,39.346
16,256,128,64,40.2323
16,256,128,256,72.699
16,256,128,1024,192.786
16,256,128,4096,715.096
16,256,128,16384,3039.21
16,1024,0,0,47.9223
16,1024,1,16,47.0793
16,1024,1,64,47.1753
16,1024,1,256,47.1003
16,1024,1,1024,47.1437
16,1024,1,4096,141.346
16,1024,1,16384,519.004
16,1024,2,16,46.7917
16,1024,2,64,46.8443
16,1024,2,256,46.7277
16,1024,2,1024,47.4103
16,1024,2,4096,141.121
16,1024,2,16384,520.945
16,1024,4,16,46.4503
16,1024,4,64,46.3973
16,1024,4,256,46.7597
16,1024,4,1024,47.6237
16,1024,4,4096,141.931
16,1024,4,16384,523.826
16,1024,8,16,46.7373
16,1024,8,64,46.7373
16,1024,8,256,46.8767
16,1024,8,1024,47.367
16,1024,8,4096,143.03
16,1024,8,16384,524.391
16,1024,16,16,46.941
16,1024,16,64,46.909
16,1024,16,256,47.197
16,1024,16,1024,47.933
16,1024,16,4096,144.481
16,1024,16,16384,527.282
16,1024,32,16,48.9137
16,1024,32,64,49.309
16,1024,32,256,53.181
16,1024,32,1024,68.9767
16,1024,32,4096,219.675
16,1024,32,16384,821.885
16,1024,64,16,49.6713
16,1024,64,64,50.6417
16,1024,64,256,60.6357
16,1024,64,1024,107.3
16,1024,64,4096,369.18
16,1024,64,16384,1356.14
16,1024,128,16,67.707
16,1024,128,64,63.4413
16,1024,128,256,84.5283
16,1024,128,1024,197.512
16,1024,128,4096,713.488
16,1024,128,16384,3038.78
16,4096,0,0,141.249
16,4096,1,16,141.058
16,4096,1,64,141.1
16,4096,1,256,141.184
16,4096,1,1024,141.111
16,4096,1,4096,141.9
16,4096,1,16384,519.826
16,4096,2,16,140.715
16,4096,2,64,140.556
16,4096,2,256,140.823
16,4096,2,1024,140.961
16,4096,2,4096,141.751
16,4096,2,16384,520.573
16,4096,4,16,140.236
16,4096,4,64,140.439
16,4096,4,256,140.46
16,4096,4,1024,140.428
16,4096,4,4096,142.839
16,4096,4,16384,524.85
16,4096,8,16,140.673
16,4096,8,64,140.78
16,4096,8,256,140.673
16,4096,8,1024,141.09
16,4096,8,4096,143.095
16,4096,8,16384,524.062
16,4096,16,16,140.673
16,4096,16,64,140.972
16,4096,16,256,140.674
16,4096,16,1024,141.303
16,4096,16,4096,144.225
16,4096,16,16384,527.443
16,4096,32,16,141.185
16,4096,32,64,141.719
16,4096,32,256,145.655
16,4096,32,1024,157.909
16,4096,32,4096,217.831
16,4096,32,16384,819.403
16,4096,64,16,143.425
16,4096,64,64,143.798
16,4096,64,256,154.785
16,4096,64,1024,174.378
16,4096,64,4096,353.29
16,4096,64,16384,1361.05
16,4096,128,16,155.702
16,4096,128,64,156.512
16,4096,128,256,180.554
16,4096,128,1024,253.765
16,4096,128,4096,715.228
16,4096,128,16384,3041.53
16,16384,0,0,517.449
16,16384,1,16,517.301
16,16384,1,64,517.386
16,16384,1,256,517.492
16,16384,1,1024,517.738
16,16384,1,4096,517.631
16,16384,1,16384,520.116
16,16384,2,16,516.927
16,16384,2,64,516.798
16,16384,2,256,516.629
16,16384,2,1024,517.321
16,16384,2,4096,517.386
16,16384,2,16384,521.63
16,16384,4,16,516.639
16,16384,4,64,516.661
16,16384,4,256,517.023
16,16384,4,1024,517.12
16,16384,4,4096,516.938
16,16384,4,16384,524.724
16,16384,8,16,518.026
16,16384,8,64,518.26
16,16384,8,256,518.442
16,16384,8,1024,518.271
16,16384,8,4096,521.78
16,16384,8,16384,525.108
16,16384,16,16,518.453
16,16384,16,64,518.133
16,16384,16,256,518.133
16,16384,16,1024,518.815
16,16384,16,4096,521.023
16,16384,16,16384,528.105
16,16384,32,16,517.707
16,16384,32,64,518.112
16,16384,32,256,520.65
16,16384,32,1024,530.378
16,16384,32,4096,581.659
16,16384,32,16384,822.903
16,16384,64,16,519.85
16,16384,64,64,520.266
16,16384,64,256,526.058
16,16384,64,1024,544.19
16,16384,64,4096,614.831
16,16384,64,16384,1348.66
16,16384,128,16,527.498
16,16384,128,64,530.837
16,16384,128,256,630.926
16,16384,128,1024,618.159
16,16384,128,4096,931.527
16,16384,128,16384,3046.71
64,0,0,0,17.449
64,0,1,16,17.4817
64,0,1,64,17.4287
64,0,1,256,23.7743
64,0,1,1024,46.8133
64,0,1,4096,141.613
64,0,1,16384,519.712
64,0,2,16,17.354
64,0,2,64,17.407
64,0,2,256,23.6577
64,0,2,1024,46.952
64,0,2,4096,141.729
64,0,2,16384,521.505
64,0,4,16,17.5353
64,0,4,64,17.5563
64,0,4,256,23.764
64,0,4,1024,47.219
64,0,4,4096,142.263
64,0,4,16384,523.542
64,0,8,16,17.2157
64,0,8,64,17.3113
64,0,8,256,23.732
64,0,8,1024,47.336
64,0,8,4096,143.255
64,0,8,16384,525.43
64,0,16,16,17.4283
64,0,16,64,17.4603
64,0,16,256,23.9243
64,0,16,1024,48.1033
64,0,16,4096,145.186
64,0,16,16384,528.257
64,0,32,16,19.177
64,0,32,64,19.37
64,0,32,256,32.7443
64,0,32,1024,69.244
64,0,32,4096,217.353
64,0,32,16384,817.38
64,0,64,16,29.2253
64,0,64,64,29.9397
64,0,64,256,49.4913
64,0,64,1024,109.551
64,0,64,4096,387.465
64,0,64,16384,1344.69
64,0,128,16,36.2757
64,0,128,64,37.235
64,0,128,256,75.153
64,0,128,1024,198.517
64,0,128,4096,714.583
64,0,128,16384,3038.2
64,16,0,0,17.6623
64,16,1,16,17.5987
64,16,1,64,17.4283
64,16,1,256,23.7317
64,16,1,1024,46.8137
64,16,1,4096,141.635
64,16,1,16384,520.333
64,16,2,16,17.4493
64,16,2,64,17.535
64,16,2,256,23.6147
64,16,2,1024,46.9307
64,16,2,4096,141.432
64,16,2,16384,520.151
64,16,4,16,17.4387
64,16,4,64,17.482
64,16,4,256,23.6467
64,16,4,1024,46.931
64,16,4,4096,142.061
64,16,4,16384,523.127
64,16,8,16,17.2893
64,16,8,64,17.3207
64,16,8,256,23.55
64,16,8,1024,47.3037
64,16,8,4096,143.629
64,16,8,16384,525.047
64,16,16,16,17.3857
64,16,16,64,17.3967
64,16,16,256,24.1473
64,16,16,1024,47.9017
64,16,16,4096,145.09
64,16,16,16384,528.12
64,16,32,16,19.0503
64,16,32,64,19.4973
64,16,32,256,32.435
64,16,32,1024,69.4897
64,16,32,4096,218.324
64,16,32,16384,821.831
64,16,64,16,29.3957
64,16,64,64,29.8333
64,16,64,256,49.0747
64,16,64,1024,110.927
64,16,64,4096,372.907
64,16,64,16384,1341.38
64,16,128,16,36.3497
64,16,128,64,37.566
64,16,128,256,74.0227
64,16,128,1024,199.413
64,16,128,4096,709.262
64,16,128,16384,3030
64,64,0,0,17.7693
64,64,1,16,17.5347
64,64,1,64,17.4817
64,64,1,256,23.828
64,64,1,1024,46.7707
64,64,1,4096,141.603
64,64,1,16384,518.989
64,64,2,16,17.6103
64,64,2,64,17.536
64,64,2,256,23.7107
64,64,2,1024,46.738
64,64,2,4096,141.752
64,64,2,16384,521.155
64,64,4,16,17.482
64,64,4,64,17.6417
64,64,4,256,23.6897
64,64,4,1024,47.3467
64,64,4,4096,142.744
64,64,4,16384,525.549
64,64,8,16,17.407
64,64,8,64,17.3967
64,64,8,256,23.583
64,64,8,1024,47.5283
64,64,8,4096,143.192
64,64,8,16384,525.538
64,64,16,16,17.3217
64,64,16,64,17.4287
64,64,16,256,24.0413
64,64,16,1024,48.147
64,64,16,4096,144.792
64,64,16,16384,527.715
64,64,32,16,19.1557
64,64,32,64,19.338
64,64,32,256,32.6487
64,64,32,1024,69.1267
64,64,32,4096,219.593
64,64,32,16384,821.085
64,64,64,16,29.2887
64,64,64,64,29.8653
64,64,64,256,48.7333
64,64,64,1024,109.689
64,64,64,4096,354.808
64,64,64,16384,1346.02
64,64,128,16,36.147
64,64,128,64,36.9367
64,64,128,256,74.609
64,64,128,1024,196.64
64,64,128,4096,708.847
64,64,128,16384,3041.04
64,256,0,0,25.4813
64,256,1,16,24.276
64,256,1,64,24.4683
64,256,1,256,25.1823
64,256,1,1024,46.8137
64,256,1,4096,141.753
64,256,1,16384,519.823
64,256,2,16,23.7747
64,256,2,64,23.8813
64,256,2,256,25.1723
64,256,2,1024,46.9733
64,256,2,4096,141.667
64,256,2,16384,521.625
64,256,4,16,24.0097
64,256,4,64,23.828
64,256,4,256,25.0443
64,256,4,1024,47.08
64,256,4,4096,142.264
64,256,4,16384,522.852
64,256,8,16,23.9453
64,256,8,64,24.1153
64,256,8,256,24.9267
64,256,8,1024,47.272
64,256,8,4096,143.011
64,256,8,16384,525.039
64,256,16,16,24.2123
64,256,16,64,24.1483
64,256,16,256,25.0977
64,256,16,1024,48.0503
64,256,16,4096,144.899
64,256,16,16384,528.047
64,256,32,16,26.4943
64,256,32,64,26.8787
64,256,32,256,32.5637
64,256,32,1024,68.658
64,256,32,4096,218.154
64,256,32,16384,818.08
64,256,64,16,29.6943
64,256,64,64,30.185
64,256,64,256,46.771
64,256,64,1024,112.144
64,256,64,4096,354.968
64,256,64,16384,1351.47
64,256,128,16,38.9843
64,256,128,64,41.107
64,256,128,256,73.4367
64,256,128,1024,199.616
64,256,128,4096,719.206
64,256,128,16384,3034.5
64,1024,0,0,48.4983
64,1024,1,16,47.6883
64,1024,1,64,47.667
64,1024,1,256,47.4857
64,1024,1,1024,47.795
64,1024,1,4096,141.977
64,1024,1,16384,520.251
64,1024,2,16,47.4003
64,1024,2,64,47.4
64,1024,2,256,47.1127
64,1024,2,1024,48.008
64,1024,2,4096,142.329
64,1024,2,16384,521.935
64,1024,4,16,47.1333
64,1024,4,64,47.102
64,1024,4,256,47.1653
64,1024,4,1024,48.2327
64,1024,4,4096,142.468
64,1024,4,16384,523.418
64,1024,8,16,47.2083
64,1024,8,64,47.304
64,1024,8,256,47.4743
64,1024,8,1024,48.0503
64,1024,8,4096,143.48
64,1024,8,16384,525.595
64,1024,16,16,47.5067
64,1024,16,64,47.518
64,1024,16,256,48.0937
64,1024,16,1024,48.5523
64,1024,16,4096,144.675
64,1024,16,16384,528.41
64,1024,32,16,49.5873
64,1024,32,64,49.9813
64,1024,32,256,53.5753
64,1024,32,1024,69.9487
64,1024,32,4096,219.947
64,1024,32,16384,824.993
64,1024,64,16,50.7597
64,1024,64,64,50.3543
64,1024,64,256,59.912
64,1024,64,1024,107.589
64,1024,64,4096,368.835
64,1024,64,16384,1361.96
64,1024,128,16,62.898
64,1024,128,64,63.9117
64,1024,128,256,89.158
64,1024,128,1024,193.825
64,1024,128,4096,715.133
64,1024,128,16384,3038.67
64,4096,0,0,141.742
64,4096,1,16,141.87
64,4096,1,64,141.913
64,4096,1,256,141.934
64,4096,1,1024,141.796
64,4096,1,4096,142.297
64,4096,1,16384,520.934
64,4096,2,16,141.54
64,4096,2,64,141.348
64,4096,2,256,141.529
64,4096,2,1024,141.625
64,4096,2,4096,142.266
64,4096,2,16384,521.927
64,4096,4,16,140.868
64,4096,4,64,140.889
64,4096,4,256,141.038
64,4096,4,1024,141.241
64,4096,4,4096,142.511
64,4096,4,16384,523.132
64,4096,8,16,141.647
64,4096,8,64,141.54
64,4096,8,256,141.572
64,4096,8,1024,142.041
64,4096,8,4096,143.332
64,4096,8,16384,525.532
64,4096,16,16,141.433
64,4096,16,64,141.658
64,4096,16,256,141.764
64,4096,16,1024,142.34
64,4096,16,4096,144.878
64,4096,16,16384,528.711
64,4096,32,16,143.332
64,4096,32,64,143.47
64,4096,32,256,147.161
64,4096,32,1024,160.686
64,4096,32,4096,218.934
64,4096,32,16384,821.059
64,4096,64,16,144.292
64,4096,64,64,144.856
64,4096,64,256,153.337
64,4096,64,1024,176.269
64,4096,64,4096,352.996
64,4096,64,16384,1383.92
64,4096,128,16,155.545
64,4096,128,64,156.878
64,4096,128,256,175.832
64,4096,128,1024,250.89
64,4096,128,4096,722.494
64,4096,128,16384,3043.23
64,16384,0,0,517.736
64,16384,1,16,518.173
64,16384,1,64,518.28
64,16384,1,256,518.76
64,16384,1,1024,518.514
64,16384,1,4096,518.504
64,16384,1,16384,520.786
64,16384,2,16,518.162
64,16384,2,64,517.906
64,16384,2,256,518.098
64,16384,2,1024,518.6
64,16384,2,4096,518.014
64,16384,2,16384,522.759
64,16384,4,16,518.003
64,16384,4,64,517.703
64,16384,4,256,517.874
64,16384,4,1024,518.014
64,16384,4,4096,518.216
64,16384,4,16384,525.405
64,16384,8,16,519.027
64,16384,8,64,518.633
64,16384,8,256,518.888
64,16384,8,1024,519.794
64,16384,8,4096,521.938
64,16384,8,16384,525.469
64,16384,16,16,519.433
64,16384,16,64,519.048
64,16384,16,256,519.347
64,16384,16,1024,519.784
64,16384,16,4096,521.437
64,16384,16,16384,529.917
64,16384,32,16,519.325
64,16384,32,64,519.352
64,16384,32,256,522.791
64,16384,32,1024,532.125
64,16384,32,4096,580.528
64,16384,32,16384,824.912
64,16384,64,16,520.584
64,16384,64,64,521.064
64,16384,64,256,526.643
64,16384,64,1024,547.356
64,16384,64,4096,658.499
64,16384,64,16384,1346.96
64,16384,128,16,530.301
64,16384,128,64,530.408
64,16384,128,256,550.205
64,16384,128,1024,620.164
64,16384,128,4096,956.639
64,16384,128,16384,3040.08
256,0,0,0,20.671
256,0,1,16,20.6497
256,0,1,64,20.5747
256,0,1,256,23.6683
256,0,1,1024,47.0163
256,0,1,4096,141.988
256,0,1,16384,522.387
256,0,2,16,20.735
256,0,2,64,20.618
256,0,2,256,23.668
256,0,2,1024,47.2617
256,0,2,4096,142.511
256,0,2,16384,523.39
256,0,4,16,20.586
256,0,4,64,20.575
256,0,4,256,24.02
256,0,4,1024,47.5607
256,0,4,4096,142.596
256,0,4,16384,530.11
256,0,8,16,25.726
256,0,8,64,25.908
256,0,8,256,31.359
256,0,8,1024,66.3227
256,0,8,4096,208.417
256,0,8,16384,791.314
256,0,16,16,25.4707
256,0,16,64,25.5563
256,0,16,256,31.7317
256,0,16,1024,66.823
256,0,16,4096,211.937
256,0,16,16384,806.087
256,0,32,16,25.6847
256,0,32,64,25.8657
256,0,32,256,33.3103
256,0,32,1024,70.0983
256,0,32,4096,219.361
256,0,32,16384,821.596
256,0,64,16,30.6653
256,0,64,64,31.0067
256,0,64,256,51.2407
256,0,64,1024,115.803
256,0,64,4096,361.094
256,0,64,16384,1352.93
256,0,128,16,43.4753
256,0,128,64,44.0193
256,0,128,256,82.268
256,0,128,1024,215.191
256,0,128,4096,754.218
256,0,128,16384,3010.47
256,16,0,0,24.0953
256,16,1,16,24.2653
256,16,1,64,24.308
256,16,1,256,24.2877
256,16,1,1024,47.081
256,16,1,4096,142.202
256,16,1,16384,523.668
256,16,2,16,24.1377
256,16,2,64,24.2867
256,16,2,256,24.1807
256,16,2,1024,47.059
256,16,2,4096,142.426
256,16,2,16384,523.444
256,16,4,16,24.2233
256,16,4,64,24.287
256,16,4,256,24.4583
256,16,4,1024,47.443
256,16,4,4096,142.17
256,16,4,16384,530.004
256,16,8,16,31.849
256,16,8,64,31.9877
256,16,8,256,31.807
256,16,8,1024,66.5357
256,16,8,4096,208.044
256,16,8,16384,788.308
256,16,16,16,29.908
256,16,16,64,29.8017
256,16,16,256,31.8707
256,16,16,1024,67.176
256,16,16,4096,212.823
256,16,16,16384,801.161
256,16,32,16,29.8547
256,16,32,64,30.335
256,16,32,256,33.769
256,16,32,1024,69.875
256,16,32,4096,219.095
256,16,32,16384,823.913
256,16,64,16,34.4307
256,16,64,64,34.313
256,16,64,256,50.3877
256,16,64,1024,114.427
256,16,64,4096,360.614
256,16,64,16384,1356.64
256,16,128,16,45.6937
256,16,128,64,45.8433
256,16,128,256,82.2257
256,16,128,1024,214.69
256,16,128,4096,755.723
256,16,128,16384,3032.84
256,64,0,0,24.1273
256,64,1,16,24.2973
256,64,1,64,24.2763
256,64,1,256,24.3733
256,64,1,1024,46.889
256,64,1,4096,142.063
256,64,1,16384,523.286
256,64,2,16,24.3083
256,64,2,64,24.2333
256,64,2,256,24.3183
256,64,2,1024,47.326
256,64,2,4096,142.576
256,64,2,16384,522.762
256,64,4,16,24.319
256,64,4,64,24.2977
256,64,4,256,24.4257
256,64,4,1024,47.465
256,64,4,4096,142.522
256,64,4,16384,530.719
256,64,8,16,32.586
256,64,8,64,31.7003
256,64,8,256,32.031
256,64,8,1024,66.589
256,64,8,4096,208.546
256,64,8,16384,787.37
256,64,16,16,30.0257
256,64,16,64,29.9613
256,64,16,256,31.743
256,64,16,1024,66.472
256,64,16,4096,213.133
256,64,16,16384,803.892
256,64,32,16,29.9927
256,64,32,64,30.2287
256,64,32,256,33.8763
256,64,32,1024,70.4077
256,64,32,4096,219.586
256,64,32,16384,819.551
256,64,64,16,34.1313
256,64,64,64,35.486
256,64,64,256,51.486
256,64,64,1024,117.275
256,64,64,4096,380.539
256,64,64,16384,1350.69
256,64,128,16,45.768
256,64,128,64,47.5923
256,64,128,256,82.1837
256,64,128,1024,214.317
256,64,128,4096,753.431
256,64,128,16384,3003.5
256,256,0,0,28.244
256,256,1,16,28.2973
256,256,1,64,28.222
256,256,1,256,28.2977
256,256,1,1024,47.1023
256,256,1,4096,141.754
256,256,1,16384,522.956
256,256,2,16,28.1697
256,256,2,64,28.3723
256,256,2,256,28.2867
256,256,2,1024,47.1133
256,256,2,4096,142.224
256,256,2,16384,523.574
256,256,4,16,28.1273
256,256,4,64,28.1053
256,256,4,256,28.362
256,256,4,1024,47.5287
256,256,4,4096,142.128
256,256,4,16384,529.494
256,256,8,16,37.8013
256,256,8,64,38.0147
256,256,8,256,37.6737
256,256,8,1024,66.376
256,256,8,4096,208.546
256,256,8,16384,791.274
256,256,16,16,37.6407
256,256,16,64,37.4177
256,256,16,256,37.7057
256,256,16,1024,67.4217
256,256,16,4096,212.599
256,256,16,16384,806.55
256,256,32,16,37.5777
256,256,32,64,38.0683
256,256,32,256,38.3983
256,256,32,1024,69.757
256,256,32,4096,217.197
256,256,32,16384,825.493
256,256,64,16,39.2417
256,256,64,64,38.5583
256,256,64,256,50.088
256,256,64,1024,120.475
256,256,64,4096,361.063
256,256,64,16384,1356.9
256,256,128,16,50.1957
256,256,128,64,49.3427
256,256,128,256,82.6637
256,256,128,1024,214.349
256,256,128,4096,759.416
256,256,128,16384,3021.46
256,1024,0,0,51.7203
256,1024,1,16,51.891
256,1024,1,64,51.795
256,1024,1,256,51.891
256,1024,1,1024,51.86
256,1024,1,4096,141.883
256,1024,1,16384,522.614
256,1024,2,16,51.7957
256,1024,2,64,51.7097
256,1024,2,256,51.8273
256,1024,2,1024,52.0407
256,1024,2,4096,142.48
256,1024,2,16384,523.127
256,1024,4,16,51.433
256,1024,4,64,51.507
256,1024,4,256,51.5393
256,1024,4,1024,51.7097
256,1024,4,4096,142.512
256,1024,4,16384,528.279
256,1024,8,16,72.9147
256,1024,8,64,72.84
256,1024,8,256,72.7977
256,1024,8,1024,72.797
256,1024,8,4096,208.569
256,1024,8,16384,787.918
256,1024,16,16,72.851
256,1024,16,64,72.7123
256,1024,16,256,72.5097
256,1024,16,1024,73.3733
256,1024,16,4096,213.304
256,1024,16,16384,802.008
256,1024,32,16,73.0217
256,1024,32,64,72.7547
256,1024,32,256,72.9683
256,1024,32,1024,74.0987
256,1024,32,4096,218.893
256,1024,32,16384,823.405
256,1024,64,16,73.7043
256,1024,64,64,72.4663
256,1024,64,256,76.019
256,1024,64,1024,115.164
256,1024,64,4096,377.853
256,1024,64,16384,1513.01
256,1024,128,16,80.157
256,1024,128,64,77.0317
256,1024,128,256,97.9907
256,1024,128,1024,216.504
256,1024,128,4096,761.295
256,1024,128,16384,3040.18
256,4096,0,0,144.891
256,4096,1,16,144.976
256,4096,1,64,145.082
256,4096,1,256,145.062
256,4096,1,1024,145.136
256,4096,1,4096,144.998
256,4096,1,16384,522.658
256,4096,2,16,145.094
256,4096,2,64,145.072
256,4096,2,256,145.093
256,4096,2,1024,145.467
256,4096,2,4096,145.542
256,4096,2,16384,523.31
256,4096,4,16,144.273
256,4096,4,64,144.528
256,4096,4,256,144.517
256,4096,4,1024,144.496
256,4096,4,4096,145.158
256,4096,4,16384,532.803
256,4096,8,16,213.318
256,4096,8,64,212.846
256,4096,8,256,213.731
256,4096,8,1024,213.348
256,4096,8,4096,214.574
256,4096,8,16384,790.501
256,4096,16,16,212.579
256,4096,16,64,212.835
256,4096,16,256,213.027
256,4096,16,1024,212.355
256,4096,16,4096,215.555
256,4096,16,16384,805.188
256,4096,32,16,212.804
256,4096,32,64,214.286
256,4096,32,256,213.219
256,4096,32,1024,213.955
256,4096,32,4096,220.483
256,4096,32,16384,830.308
256,4096,64,16,212.74
256,4096,64,64,214.287
256,4096,64,256,213.827
256,4096,64,1024,215.214
256,4096,64,4096,358.174
256,4096,64,16384,1469.35
256,4096,128,16,219.758
256,4096,128,64,214.009
256,4096,128,256,215.289
256,4096,128,1024,282.839
256,4096,128,4096,754.352
256,4096,128,16384,3036.03
256,16384,0,0,519.152
256,16384,1,16,518.329
256,16384,1,64,518.661
256,16384,1,256,519.023
256,16384,1,1024,518.287
256,16384,1,4096,518.574
256,16384,1,16384,523.855
256,16384,2,16,519.598
256,16384,2,64,520.292
256,16384,2,256,519.151
256,16384,2,1024,519.373
256,16384,2,4096,521.06
256,16384,2,16384,524.666
256,16384,4,16,518.659
256,16384,4,64,518.617
256,16384,4,256,518.895
256,16384,4,1024,519.428
256,16384,4,4096,519.706
256,16384,4,16384,532.302
256,16384,8,16,772.985
256,16384,8,64,774.481
256,16384,8,256,773.243
256,16384,8,1024,773.841
256,16384,8,4096,774.001
256,16384,8,16384,794.437
256,16384,16,16,774.107
256,16384,16,64,775.312
256,16384,16,256,773.03
256,16384,16,1024,774.908
256,16384,16,4096,776.156
256,16384,16,16384,809.254
256,16384,32,16,777.755
256,16384,32,64,775.398
256,16384,32,256,775.76
256,16384,32,1024,777.552
256,16384,32,4096,778.214
256,16384,32,16384,824.848
256,16384,64,16,773.403
256,16384,64,64,775.1
256,16384,64,256,775.591
256,16384,64,1024,778
256,16384,64,4096,780.486
256,16384,64,16384,1358.11
256,16384,128,16,777.275
256,16384,128,64,781.371
256,16384,128,256,781.573
256,16384,128,1024,786.15
256,16384,128,4096,981.568
256,16384,128,16384,2994.28
1024,0,0,0,47.4867
1024,0,1,16,52.329
1024,0,1,64,52.4573
1024,0,1,256,52.4143
1024,0,1,1024,58.6223
1024,0,1,4096,150.758
1024,0,1,16384,525.444
1024,0,2,16,52.319
1024,0,2,64,52.4457
1024,0,2,256,52.511
1024,0,2,1024,58.7183
1024,0,2,4096,151.451
1024,0,2,16384,529.423
1024,0,4,16,64.467
1024,0,4,64,64.3503
1024,0,4,256,64.4567
1024,0,4,1024,66.4303
1024,0,4,4096,173.85
1024,0,4,16384,691.956
1024,0,8,16,64.627
1024,0,8,64,64.7237
1024,0,8,256,64.7123
1024,0,8,1024,70.0887
1024,0,8,4096,214.318
1024,0,8,16384,798.512
1024,0,16,16,64.595
1024,0,16,64,64.723
1024,0,16,256,65.3523
1024,0,16,1024,74.0667
1024,0,16,4096,218.777
1024,0,16,16384,810.118
1024,0,32,16,68.606
1024,0,32,64,66.5583
1024,0,32,256,65.8967
1024,0,32,1024,86.994
1024,0,32,4096,234.968
1024,0,32,16384,834.565
1024,0,64,16,76.0187
1024,0,64,64,75.176
1024,0,64,256,87.5383
1024,0,64,1024,140.934
1024,0,64,4096,428.829
1024,0,64,16384,1658.3
1024,0,128,16,93.426
1024,0,128,64,102.461
1024,0,128,256,116.722
1024,0,128,1024,252.344
1024,0,128,4096,876.323
1024,0,128,16384,3314.38
1024,16,0,0,51.1023
1024,16,1,16,57.9507
1024,16,1,64,58.6223
1024,16,1,256,58.025
1024,16,1,1024,58.4093
1024,16,1,4096,151.057
1024,16,1,16384,525.978
1024,16,2,16,58.6113
1024,16,2,64,58.5683
1024,16,2,256,59.0277
1024,16,2,1024,59.1227
1024,16,2,4096,151.9
1024,16,2,16384,529.594
1024,16,4,16,68.3387
1024,16,4,64,68.115
1024,16,4,256,68.403
1024,16,4,1024,68.9147
1024,16,4,4096,157.424
1024,16,4,16384,694.079
1024,16,8,16,68.4137
1024,16,8,64,68.1793
1024,16,8,256,68.35
1024,16,8,1024,70.0033
1024,16,8,4096,196.143
1024,16,8,16384,789.521
1024,16,16,16,69.0113
1024,16,16,64,68.979
1024,16,16,256,68.9043
1024,16,16,1024,74.109
1024,16,16,4096,219.631
1024,16,16,16384,809.489
1024,16,32,16,73.8537
1024,16,32,64,71.8057
1024,16,32,256,72.3393
1024,16,32,1024,89.6927
1024,16,32,4096,233.081
1024,16,32,16384,834.896
1024,16,64,16,84.3923
1024,16,64,64,83.144
1024,16,64,256,90.4297
1024,16,64,1024,140.934
1024,16,64,4096,441.714
1024,16,64,16384,1612.37
1024,16,128,16,99.5277
1024,16,128,64,98.0343
1024,16,128,256,122.802
1024,16,128,1024,255.971
1024,16,128,4096,865.125
1024,16,128,16384,3312.58
1024,64,0,0,51.0173
1024,64,1,16,58.8783
1024,64,1,64,58.334
1024,64,1,256,58.3657
1024,64,1,1024,58.9633
1024,64,1,4096,150.556
1024,64,1,16384,525.734
1024,64,2,16,58.8467
1024,64,2,64,58.7187
1024,64,2,256,58.5587
1024,64,2,1024,58.7713
1024,64,2,4096,151.878
1024,64,2,16384,529.285
1024,64,4,16,67.9337
1024,64,4,64,67.6783
1024,64,4,256,68.4457
1024,64,4,1024,68.4677
1024,64,4,4096,174.704
1024,64,4,16384,701.045
1024,64,8,16,68.403
1024,64,8,64,68.275
1024,64,8,256,68.424
1024,64,8,1024,70.1633
1024,64,8,4096,214.181
1024,64,8,16384,785.192
1024,64,16,16,67.88
1024,64,16,64,68.0093
1024,64,16,256,69.3313
1024,64,16,1024,75.048
1024,64,16,4096,218.243
1024,64,16,16384,813.746
1024,64,32,16,70.6007
1024,64,32,64,73.246
1024,64,32,256,73.8003
1024,64,32,1024,86.5997
1024,64,32,4096,234.511
1024,64,32,16384,832.316
1024,64,64,16,81.086
1024,64,64,64,76.509
1024,64,64,256,88.8403
1024,64,64,1024,140.562
1024,64,64,4096,427.592
1024,64,64,16384,1677.52
1024,64,128,16,105.32
1024,64,128,64,100.05
1024,64,128,256,122.386
1024,64,128,1024,253.272
1024,64,128,4096,868.582
1024,64,128,16384,3319.69
1024,256,0,0,55.0707
1024,256,1,16,64.4997
1024,256,1,64,64.51
1024,256,1,256,64.4457
1024,256,1,1024,64.4353
1024,256,1,4096,154.343
1024,256,1,16384,526.213
1024,256,2,16,64.4143
1024,256,2,64,64.6913
1024,256,2,256,64.5317
1024,256,2,1024,64.4573
1024,256,2,4096,155.322
1024,256,2,16384,528.57
1024,256,4,16,76.019
1024,256,4,64,75.7093
1024,256,4,256,76.1473
1024,256,4,1024,76.6167
1024,256,4,4096,197.882
1024,256,4,16384,700.566
1024,256,8,16,76.2007
1024,256,8,64,76.1043
1024,256,8,256,76.3073
1024,256,8,1024,76.5417
1024,256,8,4096,214.021
1024,256,8,16384,793.501
1024,256,16,16,76.2217
1024,256,16,64,77.256
1024,256,16,256,76.7127
1024,256,16,1024,77.6083
1024,256,16,4096,218.074
1024,256,16,16384,814.205
1024,256,32,16,80.285
1024,256,32,64,76.627
1024,256,32,256,81.811
1024,256,32,1024,89.2983
1024,256,32,4096,234.499
1024,256,32,16384,833.34
1024,256,64,16,91.2503
1024,256,64,64,84.894
1024,256,64,256,99.912
1024,256,64,1024,142.001
1024,256,64,4096,429.651
1024,256,64,16384,1689.7
1024,256,128,16,106.834
1024,256,128,64,105.245
1024,256,128,256,127.004
1024,256,128,1024,254.947
1024,256,128,4096,872.177
1024,256,128,16384,3329.57
1024,1024,0,0,79.1013
1024,1024,1,16,99.069
1024,1024,1,64,98.6747
1024,1024,1,256,98.6853
1024,1024,1,1024,99.5067
1024,1024,1,4096,168.102
1024,1024,1,16384,537.338
1024,1024,2,16,99.496
1024,1024,2,64,99.3567
1024,1024,2,256,99.837
1024,1024,2,1024,99.5383
1024,1024,2,4096,168.123
1024,1024,2,16384,537.424
1024,1024,4,16,111.762
1024,1024,4,64,111.058
1024,1024,4,256,111.432
1024,1024,4,1024,111.431
1024,1024,4,4096,176.251
1024,1024,4,16384,630.627
1024,1024,8,16,111.58
1024,1024,8,64,111.623
1024,1024,8,256,111.996
1024,1024,8,1024,112.466
1024,1024,8,4096,214.917
1024,1024,8,16384,794.505
1024,1024,16,16,111.783
1024,1024,16,64,111.634
1024,1024,16,256,112.605
1024,1024,16,1024,112.498
1024,1024,16,4096,218.33
1024,1024,16,16384,807.432
1024,1024,32,16,115.197
1024,1024,32,64,113.276
1024,1024,32,256,116.552
1024,1024,32,1024,117.597
1024,1024,32,4096,234.468
1024,1024,32,16384,832.658
1024,1024,64,16,123.805
1024,1024,64,64,123.516
1024,1024,64,256,128.678
1024,1024,64,1024,159.174
1024,1024,64,4096,442.772
1024,1024,64,16384,1658.35
1024,1024,128,16,142.396
1024,1024,128,64,149.052
1024,1024,128,256,160.699
1024,1024,128,1024,259.8
1024,1024,128,4096,868.433
1024,1024,128,16384,3330.53
1024,4096,0,0,173.552
1024,4096,1,16,239.608
1024,4096,1,64,239.79
1024,4096,1,256,240.249
1024,4096,1,1024,240.174
1024,4096,1,4096,239.577
1024,4096,1,16384,588.741
1024,4096,2,16,240.878
1024,4096,2,64,240.846
1024,4096,2,256,241.272
1024,4096,2,1024,240.932
1024,4096,2,4096,240.867
1024,4096,2,16384,589.019
1024,4096,4,16,252.174
1024,4096,4,64,251.939
1024,4096,4,256,251.875
1024,4096,4,1024,251.645
1024,4096,4,4096,253.508
1024,4096,4,16384,659.768
1024,4096,8,16,252.825
1024,4096,8,64,252.152
1024,4096,8,256,252.281
1024,4096,8,1024,252.153
1024,4096,8,4096,253.209
1024,4096,8,16384,792.841
1024,4096,16,16,253.165
1024,4096,16,64,252.078
1024,4096,16,256,252.942
1024,4096,16,1024,252.729
1024,4096,16,4096,253.689
1024,4096,16,16384,811.55
1024,4096,32,16,256.782
1024,4096,32,64,256.238
1024,4096,32,256,256.547
1024,4096,32,1024,258.808
1024,4096,32,4096,261.603
1024,4096,32,16384,832.381
1024,4096,64,16,258.35
1024,4096,64,64,264.75
1024,4096,64,256,265.784
1024,4096,64,1024,288.525
1024,4096,64,4096,451.218
1024,4096,64,16384,1658.74
1024,4096,128,16,279.714
1024,4096,128,64,292.92
1024,4096,128,256,299.81
1024,4096,128,1024,391.946
1024,4096,128,4096,862.802
1024,4096,128,16384,3325.21
1024,16384,0,0,550.289
1024,16384,1,16,802.655
1024,16384,1,64,801.887
1024,16384,1,256,801.524
1024,16384,1,1024,802.345
1024,16384,1,4096,803.304
1024,16384,1,16384,803.678
1024,16384,2,16,804.307
1024,16384,2,64,805.876
1024,16384,2,256,805.118
1024,16384,2,1024,804.788
1024,16384,2,4096,804.838
1024,16384,2,16384,805.087
1024,16384,4,16,815.624
1024,16384,4,64,813.59
1024,16384,4,256,813.96
1024,16384,4,1024,814.921
1024,16384,4,4096,814.803
1024,16384,4,16384,817.235
1024,16384,8,16,814.687
1024,16384,8,64,815.977
1024,16384,8,256,814.611
1024,16384,8,1024,815.87
1024,16384,8,4096,816.628
1024,16384,8,16384,826.547
1024,16384,16,16,815.979
1024,16384,16,64,817.289
1024,16384,16,256,815.519
1024,16384,16,1024,818.388
1024,16384,16,4096,817.044
1024,16384,16,16384,835.102
1024,16384,32,16,821.48
1024,16384,32,64,817.769
1024,16384,32,256,819.049
1024,16384,32,1024,821.929
1024,16384,32,4096,820.703
1024,16384,32,16384,850.845
1024,16384,64,16,830.238
1024,16384,64,64,825.748
1024,16384,64,256,834.217
1024,16384,64,1024,850.355
1024,16384,64,4096,947.409
1024,16384,64,16384,1661.15
1024,16384,128,16,841.331
1024,16384,128,64,837.875
1024,16384,128,256,868.04
1024,16384,128,1024,930.833
1024,16384,128,4096,1290.14
1024,16384,128,16384,3286.51
2048,0,0,0,103.454
2048,0,1,16,115.602
2048,0,1,64,115.88
2048,0,1,256,115.687
2048,0,1,1024,115.229
2048,0,1,4096,200.079
2048,0,1,16384,549.083
2048,0,2,16,114.941
2048,0,2,64,115.378
2048,0,2,256,115.302
2048,0,2,1024,115.336
2048,0,2,4096,191.473
2048,0,2,16384,551.846
2048,0,4,16,114.995
2048,0,4,64,115.453
2048,0,4,256,115.527
2048,0,4,1024,115.421
2048,0,4,4096,218.49
2048,0,4,16384,709.698
2048,0,8,16,115.538
2048,0,8,64,115.165
2048,0,8,256,115.826
2048,0,8,1024,115.88
2048,0,8,4096,220.773
2048,0,8,16384,802.196
2048,0,16,16,118.653
2048,0,16,64,119.336
2048,0,16,256,119.569
2048,0,16,1024,119.303
2048,0,16,4096,235.972
2048,0,16,16384,823.977
2048,0,32,16,125.405
2048,0,32,64,126.599
2048,0,32,256,128.114
2048,0,32,1024,132.957
2048,0,32,4096,284.547
2048,0,32,16384,881.362
2048,0,64,16,140.092
2048,0,64,64,140.891
2048,0,64,256,150.044
2048,0,64,1024,182.854
2048,0,64,4096,486.546
2048,0,64,16384,1841.62
2048,0,128,16,176.358
2048,0,128,64,178.363
2048,0,128,256,198.854
2048,0,128,1024,292.6
2048,0,128,4096,886.088
2048,0,128,16384,3392.56
2048,16,0,0,108.371
2048,16,1,16,119.794
2048,16,1,64,119.176
2048,16,1,256,119.826
2048,16,1,1024,119.058
2048,16,1,4096,169.691
2048,16,1,16384,549.211
2048,16,2,16,119.314
2048,16,2,64,118.887
2048,16,2,256,119.059
2048,16,2,1024,119.09
2048,16,2,4096,173.681
2048,16,2,16384,550.214
2048,16,4,16,119.549
2048,16,4,64,119.933
2048,16,4,256,118.685
2048,16,4,1024,119.538
2048,16,4,4096,208.432
2048,16,4,16384,716.386
2048,16,8,16,119.41
2048,16,8,64,118.76
2048,16,8,256,118.738
2048,16,8,1024,119.783
2048,16,8,4096,221.743
2048,16,8,16384,800.119
2048,16,16,16,123.346
2048,16,16,64,123.356
2048,16,16,256,126.546
2048,16,16,1024,121.245
2048,16,16,4096,235.29
2048,16,16,16384,821.258
2048,16,32,16,136.082
2048,16,32,64,130.492
2048,16,32,256,139.25
2048,16,32,1024,146.257
2048,16,32,4096,281.934
2048,16,32,16384,871.593
2048,16,64,16,143.121
2048,16,64,64,145.179
2048,16,64,256,156.455
2048,16,64,1024,190
2048,16,64,4096,488.403
2048,16,64,16384,1782.49
2048,16,128,16,177.628
2048,16,128,64,187.898
2048,16,128,256,206.8
2048,16,128,1024,288.27
2048,16,128,4096,883.924
2048,16,128,16384,3393.32
2048,64,0,0,108.733
2048,64,1,16,119.389
2048,64,1,64,119.335
2048,64,1,256,119.517
2048,64,1,1024,119.282
2048,64,1,4096,176.219
2048,64,1,16384,548.668
2048,64,2,16,119.101
2048,64,2,64,119.282
2048,64,2,256,119.058
2048,64,2,1024,119.325
2048,64,2,4096,175.985
2048,64,2,16384,551.163
2048,64,4,16,118.77
2048,64,4,64,118.919
2048,64,4,256,119.538
2048,64,4,1024,119.218
2048,64,4,4096,192.848
2048,64,4,16384,631.353
2048,64,8,16,118.898
2048,64,8,64,120.637
2048,64,8,256,119.165
2048,64,8,1024,119.975
2048,64,8,4096,220.591
2048,64,8,16384,799.093
2048,64,16,16,123.549
2048,64,16,64,123.794
2048,64,16,256,128.285
2048,64,16,1024,123.677
2048,64,16,4096,237.018
2048,64,16,16384,821.909
2048,64,32,16,133.266
2048,64,32,64,130.129
2048,64,32,256,141.938
2048,64,32,1024,144.999
2048,64,32,4096,283.182
2048,64,32,16384,874.74
2048,64,64,16,146.833
2048,64,64,64,148.754
2048,64,64,256,160.242
2048,64,64,1024,184.123
2048,64,64,4096,486.952
2048,64,64,16384,1871.15
2048,64,128,16,168.849
2048,64,128,64,174.501
2048,64,128,256,203.866
2048,64,128,1024,290.925
2048,64,128,4096,892.084
2048,64,128,16384,3392.16
2048,256,0,0,115.443
2048,256,1,16,127.986
2048,256,1,64,127.378
2048,256,1,256,127.677
2048,256,1,1024,127.357
2048,256,1,4096,191.334
2048,256,1,16384,552.487
2048,256,2,16,126.567
2048,256,2,64,127.005
2048,256,2,256,127.282
2048,256,2,1024,127.315
2048,256,2,4096,178.534
2048,256,2,16384,555.474
2048,256,4,16,127.25
2048,256,4,64,126.994
2048,256,4,256,127.111
2048,256,4,1024,127.24
2048,256,4,4096,192.912
2048,256,4,16384,711.746
2048,256,8,16,127.453
2048,256,8,64,128.445
2048,256,8,256,128.04
2048,256,8,1024,127.133
2048,256,8,4096,222.224
2048,256,8,16384,801.556
2048,256,16,16,128.114
2048,256,16,64,128.818
2048,256,16,256,134.012
2048,256,16,1024,128.445
2048,256,16,4096,234.554
2048,256,16,16384,824.716
2048,256,32,16,137.318
2048,256,32,64,140.242
2048,256,32,256,135.111
2048,256,32,1024,154.64
2048,256,32,4096,297.07
2048,256,32,16384,891.508
2048,256,64,16,160.561
2048,256,64,64,154.685
2048,256,64,256,168.209
2048,256,64,1024,192.998
2048,256,64,4096,488.115
2048,256,64,16384,1853.64
2048,256,128,16,190.363
2048,256,128,64,193.926
2048,256,128,256,210.363
2048,256,128,1024,295.374
2048,256,128,4096,883.935
2048,256,128,16384,3391.41
2048,1024,0,0,151.058
2048,1024,1,16,163.569
2048,1024,1,64,162.588
2048,1024,1,256,163.484
2048,1024,1,1024,162.384
2048,1024,1,4096,196.454
2048,1024,1,16384,568.028
2048,1024,2,16,162.289
2048,1024,2,64,162.811
2048,1024,2,256,162.055
2048,1024,2,1024,162.481
2048,1024,2,4096,187.11
2048,1024,2,16384,560.412
2048,1024,4,16,162.866
2048,1024,4,64,162.417
2048,1024,4,256,163.388
2048,1024,4,1024,162.95
2048,1024,4,4096,217.541
2048,1024,4,16384,794.39
2048,1024,8,16,162.524
2048,1024,8,64,163.324
2048,1024,8,256,162.918
2048,1024,8,1024,162.95
2048,1024,8,4096,220.752
2048,1024,8,16384,796.011
2048,1024,16,16,165.361
2048,1024,16,64,166.62
2048,1024,16,256,167.441
2048,1024,16,1024,170.353
2048,1024,16,4096,235.546
2048,1024,16,16384,823.435
2048,1024,32,16,178.469
2048,1024,32,64,173.393
2048,1024,32,256,179.303
2048,1024,32,1024,188.539
2048,1024,32,4096,334.349
2048,1024,32,16384,937.449
2048,1024,64,16,198.32
2048,1024,64,64,195.665
2048,1024,64,256,210.522
2048,1024,64,1024,247.78
2048,1024,64,4096,495.497
2048,1024,64,16384,1846.97
2048,1024,128,16,236.068
2048,1024,128,64,243.706
2048,1024,128,256,259.705
2048,1024,128,1024,322.595
2048,1024,128,4096,880.436
2048,1024,128,16384,3374.65
2048,4096,0,0,292.366
2048,4096,1,16,304.846
2048,4096,1,64,304.718
2048,4096,1,256,304.387
2048,4096,1,1024,304.771
2048,4096,1,4096,305.453
2048,4096,1,16384,617.34
2048,4096,2,16,304.376
2048,4096,2,64,303.96
2048,4096,2,256,303.726
2048,4096,2,1024,304.153
2048,4096,2,4096,303.747
2048,4096,2,16384,673.199
2048,4096,4,16,304.195
2048,4096,4,64,304.302
2048,4096,4,256,303.192
2048,4096,4,1024,305.486
2048,4096,4,4096,304.493
2048,4096,4,16384,725.827
2048,4096,8,16,305.582
2048,4096,8,64,304.772
2048,4096,8,256,305.412
2048,4096,8,1024,304.771
2048,4096,8,4096,305.102
2048,4096,8,16384,741.165
2048,4096,16,16,307.001
2048,4096,16,64,306.563
2048,4096,16,256,309.145
2048,4096,16,1024,307.907
2048,4096,16,4096,309.571
2048,4096,16,16384,822.667
2048,4096,32,16,309.763
2048,4096,32,64,319.075
2048,4096,32,256,317.933
2048,4096,32,1024,337.997
2048,4096,32,4096,433.684
2048,4096,32,16384,1078.53
2048,4096,64,16,339.576
2048,4096,64,64,324.472
2048,4096,64,256,352.311
2048,4096,64,1024,385.708
2048,4096,64,4096,538.482
2048,4096,64,16384,1805.01
2048,4096,128,16,368.556
2048,4096,128,64,369.228
2048,4096,128,256,410.454
2048,4096,128,1024,492.307
2048,4096,128,4096,892.49
2048,4096,128,16384,3363.19
2048,16384,0,0,857.792
2048,16384,1,16,872.54
2048,16384,1,64,872.437
2048,16384,1,256,872.084
2048,16384,1,1024,872.629
2048,16384,1,4096,871.622
2048,16384,1,16384,871.829
2048,16384,2,16,869.269
2048,16384,2,64,871.391
2048,16384,2,256,869.578
2048,16384,2,1024,871.382
2048,16384,2,4096,871.616
2048,16384,2,16384,870.77
2048,16384,4,16,871.081
2048,16384,4,64,871.776
2048,16384,4,256,869.365
2048,16384,4,1024,872.32
2048,16384,4,4096,872.277
2048,16384,4,16384,871.157
2048,16384,8,16,871.125
2048,16384,8,64,870.549
2048,16384,8,256,871.318
2048,16384,8,1024,868.555
2048,16384,8,4096,870.485
2048,16384,8,16384,872.693
2048,16384,16,16,872.789
2048,16384,16,64,872.778
2048,16384,16,256,873.056
2048,16384,16,1024,872.546
2048,16384,16,4096,874.912
2048,16384,16,16384,880.32
2048,16384,32,16,875.552
2048,16384,32,64,880.736
2048,16384,32,256,887.081
2048,16384,32,1024,897.215
2048,16384,32,4096,989.8
2048,16384,32,16384,1436.68
2048,16384,64,16,894.335
2048,16384,64,64,899.444
2048,16384,64,256,897.663
2048,16384,64,1024,940.671
2048,16384,64,4096,1096.79
2048,16384,64,16384,1776.7
2048,16384,128,16,943.902
2048,16384,128,64,941.78
2048,16384,128,256,970.707
2048,16384,128,1024,1061.69
2048,16384,128,4096,1456.73
2048,16384,128,16384,3317.65
